contest_id,minPosition,maxPosition,payout
169189176,1,1,100000.0
169189176,2,2,40000.0
169189176,3,3,20000.0
169189176,4,4,10000.0
169189176,5,5,5000.0
169189176,6,6,3000.0
169189176,7,8,2000.0
169189176,9,10,1000.0
169189176,11,13,700.0
169189176,14,18,500.0
169189176,19,25,400.0
169189176,26,35,300.0
169189176,36,45,200.0
169189176,46,60,150.0
169189176,61,80,120.0
169189176,81,110,100.0
169189176,111,170,70.0
169189176,171,270,50.0
169189176,271,450,40.0
169189176,451,800,30.0
169189176,801,1450,25.0
169189176,1451,2850,20.0
169189176,2851,5970,15.0
169189176,5971,12470,12.0
169190707,1,1,750.0
169190707,2,2,600.0
169190707,3,3,500.0
169190707,4,4,400.0
169190707,5,5,300.0
169190707,6,8,250.0
169190707,9,12,200.0
169190707,13,18,150.0
169190708,1,1,500.0
169190708,2,2,400.0
169190708,3,3,300.0
169190708,4,4,250.0
169190708,5,6,200.0
169190708,7,9,150.0
169190708,10,16,100.0
169190709,1,1,2300.0
169190709,2,2,1400.0
169190709,3,3,900.0
169190709,4,5,700.0
169190710,1,1,5000.0
169190710,2,2,3000.0
169190710,3,3,2000.0
169190710,4,4,1500.0
169190710,5,5,1000.0
169190710,6,7,700.0
169190710,8,10,500.0
169190710,11,15,400.0
169190710,16,23,300.0
169190710,24,37,250.0
169190710,38,71,200.0
169190711,1,1,1500.0
169190711,2,2,1000.0
169190711,3,3,800.0
169190711,4,4,700.0
169190711,5,5,600.0
169190711,6,6,500.0
169190711,7,8,400.0
169190711,9,10,350.0
169190711,11,12,300.0
169190711,13,15,250.0
169190711,16,20,200.0
169190711,21,27,150.0
169190712,1,1,2000.0
169190712,2,2,1000.0
169190712,3,3,750.0
169190712,4,4,600.0
169190712,5,6,500.0
169190712,7,8,400.0
169190712,9,11,300.0
169190712,12,16,250.0
169190712,17,24,200.0
169190712,25,36,150.0
169190712,37,62,100.0
169190712,63,95,80.0
169190712,96,146,60.0
169190713,1,1,1000.0
169190713,2,2,800.0
169190713,3,3,600.0
169190713,4,4,500.0
169190713,5,5,400.0
169190713,6,6,300.0
169190713,7,8,250.0
169190713,9,11,200.0
169190713,12,15,160.0
169190713,16,22,120.0
169190713,23,37,100.0
169190713,38,66,80.0
169190714,1,1,500.0
169190714,2,2,400.0
169190714,3,3,300.0
169190714,4,4,250.0
169190714,5,6,200.0
169190714,7,8,150.0
169190714,9,12,120.0
169190714,13,17,100.0
169190714,18,23,80.0
169190714,24,32,60.0
169190714,33,49,50.0
169190715,1,1,1000.0
169190715,2,2,500.0
169190715,3,3,350.0
169190715,4,4,250.0
169190715,5,5,200.0
169190715,6,7,150.0
169190715,8,10,125.0
169190715,11,14,100.0
169190715,15,20,75.0
169190715,21,27,60.0
169190715,28,36,50.0
169190715,37,47,45.0
169190715,48,62,40.0
169190715,63,84,35.0
169190715,85,115,30.0
169190715,116,161,25.0
169190715,162,229,20.0
169190716,1,1,1000.0
169190716,2,2,600.0
169190716,3,3,400.0
169190716,4,4,300.0
169190716,5,5,250.0
169190716,6,6,200.0
169190716,7,7,175.0
169190716,8,8,150.0
169190716,9,9,125.0
169190716,10,10,100.0
169190716,11,12,80.0
169190716,13,15,60.0
169190716,16,20,40.0
169190716,21,30,30.0
169190716,31,50,20.0
169190716,51,94,15.0
169190716,95,244,12.0
169190716,245,544,10.0
169190717,1,1,300.0
169190717,2,2,200.0
169190717,3,3,100.0
169190717,4,4,80.0
169190717,5,5,65.0
169190717,6,6,50.0
169190717,7,8,40.0
169190717,9,10,30.0
169190717,11,12,25.0
169190717,13,15,20.0
169190717,16,20,15.0
169190717,21,30,10.0
169190717,31,45,8.0
169190717,46,80,6.0
169190717,81,145,5.0
169190717,146,265,4.0
169190717,266,480,3.0
169190718,1,1,300.0
169190718,2,2,150.0
169190718,3,3,100.0
169190718,4,4,80.0
169190718,5,5,65.0
169190718,6,6,50.0
169190718,7,8,40.0
169190718,9,10,30.0
169190718,11,12,25.0
169190718,13,15,20.0
169190718,16,19,15.0
169190718,20,25,10.0
169190718,26,35,8.0
169190718,36,45,6.0
169190718,46,65,5.0
169190718,66,110,4.0
169190718,111,210,3.0
169190718,211,437,2.0
169190718,438,911,1.5
169190719,1,10,500.0
169190720,1,15,200.0
169190721,1,60,50.0
169190722,1,300,10.0
169190723,1,750,4.0
169190724,1,10,200.0
169190725,1,50,100.0
169190726,1,100,20.0
169190727,1,400,10.0
169190728,1,1,600.0
169190728,2,2,500.0
169190728,3,3,400.0
169190728,4,4,300.0
169190728,5,5,200.0
169190728,6,6,150.0
169190728,7,7,120.0
169190728,8,9,100.0
169190728,10,14,80.0
169190728,15,24,60.0
169190728,25,45,50.0
169190728,46,82,40.0
169190729,1,1,400.0
169190729,2,2,250.0
169190729,3,3,150.0
169190729,4,4,100.0
169190729,5,5,75.0
169190729,6,6,60.0
169190729,7,8,50.0
169190729,9,10,40.0
169190729,11,12,35.0
169190729,13,15,30.0
169190729,16,20,25.0
169190729,21,25,20.0
169190729,26,35,15.0
169190729,36,60,10.0
169190729,61,110,8.0
169190729,111,200,6.0
169190729,201,412,5.0
169190730,1,1,750.0
169190730,2,2,300.0
169190730,3,3,200.0
169190730,4,4,150.0
169190730,5,5,125.0
169190730,6,7,100.0
169190730,8,10,75.0
169190730,11,13,60.0
169190730,14,16,50.0
169190730,17,20,40.0
169190730,21,25,30.0
169190730,26,30,25.0
169190730,31,40,20.0
169190730,41,50,15.0
169190730,51,70,10.0
169190730,71,105,8.0
169190730,106,185,6.0
169190730,186,335,5.0
169190730,336,600,4.0
169190730,601,1155,3.0
169190731,1,1,300.0
169190731,2,2,200.0
169190731,3,3,125.0
169190731,4,4,80.0
169190731,5,5,55.0
169190731,6,10,30.0
169190731,11,15,25.0
169190731,16,20,20.0
169190731,21,25,15.0
169190731,26,30,10.0
169190731,31,40,8.0
169190731,41,50,6.0
169190731,51,60,5.0
169190731,61,75,4.0
169190731,76,130,3.0
169190731,131,295,2.0
169190731,296,645,1.5
169190731,646,1560,1.0
169190731,1561,3800,0.75
169190731,3801,8550,0.5
169190732,1,1,750.0
169190732,2,2,300.0
169190732,3,3,150.0
169190732,4,4,75.0
169190732,5,5,60.0
169190732,6,6,50.0
169190732,7,8,40.0
169190732,9,10,30.0
169190732,11,14,25.0
169190732,15,19,20.0
169190732,20,25,15.0
169190732,26,35,10.0
169190732,36,45,8.0
169190732,46,60,6.0
169190732,61,95,5.0
169190732,96,165,4.0
169190732,166,315,3.0
169190732,316,680,2.0
169190732,681,1400,1.5
169190732,1401,4100,1.0
169190733,1,1,2000.0
169190733,2,2,1000.0
169190734,1,1,2500.0
169190734,2,2,1400.0
169190734,3,3,900.0
169190734,4,4,600.0
169190735,1,1,2000.0
169190735,2,2,1500.0
169190735,3,3,1000.0
169190735,4,4,750.0
169190735,5,5,500.0
169190735,6,6,400.0
169190735,7,8,300.0
169190735,9,10,200.0
169190735,11,15,150.0
169190735,16,20,100.0
169190735,21,25,75.0
169190735,26,35,50.0
169190735,36,60,40.0
169190735,61,110,35.0
169190735,111,210,30.0
169190735,211,409,25.0
169190736,1,1,1500.0
169190736,2,2,750.0
169190736,3,3,500.0
169190736,4,4,300.0
169190736,5,5,250.0
169190736,6,7,200.0
169190736,8,10,150.0
169190736,11,13,100.0
169190736,14,16,75.0
169190736,17,20,60.0
169190736,21,25,50.0
169190736,26,30,40.0
169190736,31,35,35.0
169190736,36,55,30.0
169190736,56,90,25.0
169190736,91,155,20.0
169190736,156,306,15.0
169190736,307,748,10.0
169190737,1,15,200.0
169190738,1,20,100.0
169190739,1,160,50.0
169190740,1,100,50.0
169190741,1,150,20.0
169190742,1,1,50.0
169190742,2,2,40.0
169190742,3,3,30.0
169190742,4,4,25.0
169190742,5,7,20.0
169190742,8,10,15.0
169190742,11,15,10.0
169190742,16,25,8.0
169190742,26,45,6.0
169190743,1,1,80.0
169190743,2,2,61.0
169190743,3,3,40.0
169190743,4,4,30.0
169190743,5,6,20.0
169190743,7,9,15.0
169190743,10,16,12.0
169190743,17,28,10.0
169190744,1,1,80.0
169190744,2,2,60.0
169190744,3,3,40.0
169190744,4,4,20.0
169190745,1,1,75.0
169190745,2,2,35.0
169190745,3,3,20.0
169190745,4,4,15.0
169190745,5,5,10.0
169190745,6,7,8.0
169190745,8,10,6.0
169190745,11,15,5.0
169190745,16,20,4.0
169190745,21,25,3.0
169190745,26,35,2.0
169190745,36,55,1.5
169190745,56,115,1.0
169190745,116,285,0.75
169190745,286,812,0.5
169190746,1,1,210.0
169190746,2,2,100.0
169190747,1,1,250.0
169190747,2,2,125.0
169190747,3,3,80.0
169190747,4,4,60.0
169190747,5,5,50.0
169190747,6,6,40.0
169190747,7,8,30.0
169190747,9,10,25.0
169190747,11,13,20.0
169190747,14,16,15.0
169190747,17,20,10.0
169190747,21,25,8.0
169190747,26,35,6.0
169190747,36,60,5.0
169190747,61,105,4.0
169190747,106,200,3.0
169190747,201,396,2.0
169190747,397,768,1.5
169190748,1,1,390.0
169190748,2,2,150.0
169190749,1,1,200.0
169190749,2,2,100.0
169190749,3,3,60.0
169190749,4,4,45.0
169190749,5,5,35.0
169190749,6,7,25.0
169190749,8,10,20.0
169190749,11,15,15.0
169190749,16,20,10.0
169190749,21,25,8.0
169190749,26,35,6.0
169190749,36,55,5.0
169190749,56,95,4.0
169190749,96,165,3.0
169190749,166,322,2.0
169190749,323,616,1.5
169190750,1,1,50.0
169190750,2,2,40.0
169190750,3,3,30.0
169190750,4,4,25.0
169190750,5,7,20.0
169190750,8,10,15.0
169190750,11,15,10.0
169190750,16,25,8.0
169190750,26,45,6.0
169190751,1,1,100.0
169190751,2,2,60.0
169190751,3,3,40.0
169190751,4,5,30.0
169190751,6,7,20.0
169190752,1,1,750.0
169190752,2,2,450.0
169190752,3,3,300.0
169190753,1,1,250.0
169190753,2,2,150.0
169190753,3,3,100.0
169190754,1,1,75.0
169190754,2,2,35.0
169190754,3,3,20.0
169190754,4,4,15.0
169190754,5,5,10.0
169190754,6,7,8.0
169190754,8,10,6.0
169190754,11,15,5.0
169190754,16,20,4.0
169190754,21,25,3.0
169190754,26,35,2.0
169190754,36,55,1.5
169190754,56,115,1.0
169190754,116,285,0.75
169190754,286,812,0.5
169190755,1,1,5000.0
169190755,2,2,1500.0
169190755,3,3,1000.0
169190755,4,4,500.0
169190755,5,5,250.0
169190755,6,6,150.0
169190755,7,8,100.0
169190755,9,10,50.0
169190755,11,20,40.0
169190755,21,35,30.0
169190755,36,70,25.0
169190755,71,130,20.0
169190755,131,355,15.0
169190756,1,1,200.0
169190756,2,2,125.0
169190756,3,3,75.0
169190757,1,1,500.0
169190757,2,2,100.0
169190757,3,3,50.0
169190757,4,4,40.0
169190757,5,5,30.0
169190757,6,6,25.0
169190757,7,8,20.0
169190757,9,10,15.0
169190757,11,15,10.0
169190757,16,20,8.0
169190757,21,30,6.0
169190757,31,40,5.0
169190757,41,60,4.0
169190757,61,100,3.0
169190757,101,195,2.0
169190757,196,395,1.5
169190757,396,1190,1.0
169190758,1,1,150.0
169190758,2,2,112.5
169190758,3,3,78.75
169190758,4,4,52.5
169190758,5,5,37.5
169190758,6,10,18.75
169190758,11,20,13.12
169190758,21,30,9.38
169190759,1,1,100.0
169190759,2,2,50.0
169190759,3,3,30.0
169190759,4,4,20.0
169190759,5,5,15.0
169190759,6,7,10.0
169190759,8,10,8.0
169190759,11,13,6.0
169190759,14,16,5.0
169190759,17,20,4.0
169190759,21,25,3.0
169190759,26,35,2.0
169190759,36,60,1.5
169190759,61,140,1.0
169190759,141,370,0.75
169190759,371,1104,0.5
169190760,1,1,300.0
169190760,2,2,250.0
169190760,3,3,200.0
169190760,4,4,150.0
169190760,5,5,100.0
169190761,1,1,100.0
169190761,2,2,85.0
169190761,3,3,75.0
169190761,4,4,60.0
169190761,5,5,50.0
169190761,6,6,40.0
169190761,7,7,35.0
169190761,8,8,30.0
169190761,9,9,25.0
169190762,1,1,750.0
169190762,2,2,450.0
169190762,3,3,300.0
169190763,1,1,5000.0
169190763,2,2,1500.0
169190763,3,3,1000.0
169190763,4,4,500.0
169190763,5,5,250.0
169190763,6,6,150.0
169190763,7,8,100.0
169190763,9,10,50.0
169190763,11,20,40.0
169190763,21,35,30.0
169190763,36,70,25.0
169190763,71,130,20.0
169190763,131,355,15.0
169190764,1,1,200.0
169190764,2,2,150.0
169190764,3,3,100.0
169190764,4,4,60.0
169190765,1,1,100.0
169190765,2,2,80.0
169190765,3,3,60.0
169190765,4,4,50.0
169190765,5,5,40.0
169190765,6,6,30.0
169190765,7,7,25.0
169190765,8,8,20.0
169190765,9,11,15.0
169190765,12,20,10.0
169190765,21,40,8.0
169190765,41,90,6.0
169190766,1,1,400.0
169190766,2,2,200.0
169190766,3,3,150.0
169190766,4,4,100.0
169190766,5,5,80.0
169190766,6,6,70.0
169190766,7,7,60.0
169190766,8,8,50.0
169190766,9,10,40.0
169190766,11,15,30.0
169190766,16,20,20.0
169190766,21,25,15.0
169190766,26,35,10.0
169190766,36,50,8.0
169190766,51,80,6.0
169190766,81,150,4.0
169190766,151,300,3.0
169190766,301,601,2.0
169190766,602,1103,1.5
169190767,1,1,200.0
169190767,2,2,150.0
169190767,3,3,100.0
169190767,4,4,75.0
169190767,5,5,50.0
169190767,6,7,40.0
169190767,8,10,30.0
169190767,11,15,25.0
169190767,16,25,20.0
169190767,26,47,15.0
169190767,48,107,10.0
169190768,1,1,175.0
169190768,2,2,125.0
169190768,3,3,87.5
169190768,4,4,62.5
169190768,5,5,50.0
169190769,1,1,150.0
169190769,2,2,100.0
169190769,3,3,70.0
169190769,4,4,45.0
169190769,5,5,30.0
169190769,6,7,25.0
169190769,8,10,20.0
169190769,11,15,15.0
169190769,16,25,12.0
169190769,26,55,10.0
169190770,1,1,300.0
169190770,2,2,200.0
169190770,3,3,150.0
169190770,4,4,100.0
169190771,1,1,50.0
169190771,2,2,40.0
169190771,3,3,30.0
169190771,4,4,25.0
169190771,5,7,20.0
169190771,8,10,15.0
169190771,11,15,10.0
169190771,16,25,8.0
169190771,26,45,6.0
169190772,1,1,100.0
169190772,2,2,60.0
169190772,3,3,40.0
169190772,4,5,30.0
169190772,6,7,20.0
169190773,1,1,750.0
169190773,2,2,450.0
169190773,3,3,300.0
169190774,1,1,75.0
169190774,2,2,35.0
169190774,3,3,20.0
169190774,4,4,15.0
169190774,5,5,10.0
169190774,6,7,8.0
169190774,8,10,6.0
169190774,11,15,5.0
169190774,16,20,4.0
169190774,21,25,3.0
169190774,26,35,2.0
169190774,36,55,1.5
169190774,56,115,1.0
169190774,116,285,0.75
169190774,286,812,0.5
169190775,1,1,5000.0
169190775,2,2,1500.0
169190775,3,3,1000.0
169190775,4,4,500.0
169190775,5,5,250.0
169190775,6,6,150.0
169190775,7,8,100.0
169190775,9,10,50.0
169190775,11,20,40.0
169190775,21,35,30.0
169190775,36,70,25.0
169190775,71,130,20.0
169190775,131,355,15.0
169190776,1,1,250.0
169190776,2,2,125.0
169190776,3,3,80.0
169190776,4,4,60.0
169190776,5,5,50.0
169190776,6,6,40.0
169190776,7,8,30.0
169190776,9,10,25.0
169190776,11,13,20.0
169190776,14,16,15.0
169190776,17,20,10.0
169190776,21,25,8.0
169190776,26,35,6.0
169190776,36,60,5.0
169190776,61,105,4.0
169190776,106,200,3.0
169190776,201,396,2.0
169190776,397,768,1.5
169190777,1,1,750.0
169190777,2,2,450.0
169190777,3,3,300.0
169190778,1,1,250.0
169190778,2,2,150.0
169190778,3,3,100.0
169190779,1,1,75.0
169190779,2,2,35.0
169190779,3,3,20.0
169190779,4,4,15.0
169190779,5,5,10.0
169190779,6,7,8.0
169190779,8,10,6.0
169190779,11,15,5.0
169190779,16,20,4.0
169190779,21,25,3.0
169190779,26,35,2.0
169190779,36,55,1.5
169190779,56,115,1.0
169190779,116,285,0.75
169190779,286,812,0.5
169190780,1,1,200.0
169190780,2,2,150.0
169190780,3,3,106.0
169190780,4,4,80.0
169190780,5,5,60.0
169190780,6,6,50.0
169190780,7,7,40.0
169190780,8,8,30.0
169190780,9,10,25.0
169190780,11,14,20.0
169190780,15,24,15.0
169190780,25,44,10.0
169190780,45,82,8.0
169190781,1,1,5000.0
169190781,2,2,1500.0
169190781,3,3,1000.0
169190781,4,4,500.0
169190781,5,5,250.0
169190781,6,6,150.0
169190781,7,8,100.0
169190781,9,10,50.0
169190781,11,20,40.0
169190781,21,35,30.0
169190781,36,70,25.0
169190781,71,130,20.0
169190781,131,355,15.0
169190782,1,1,250.0
169190782,2,2,125.0
169190782,3,3,80.0
169190782,4,4,60.0
169190782,5,5,50.0
169190782,6,6,40.0
169190782,7,8,30.0
169190782,9,10,25.0
169190782,11,13,20.0
169190782,14,16,15.0
169190782,17,20,10.0
169190782,21,25,8.0
169190782,26,35,6.0
169190782,36,60,5.0
169190782,61,105,4.0
169190782,106,200,3.0
169190782,201,396,2.0
169190782,397,768,1.5
169190783,1,1,80.0
169190783,2,2,50.0
169190783,3,3,40.0
169190783,4,4,30.0
169190783,5,5,25.0
169190783,6,7,20.0
169190783,8,10,15.0
169190783,11,15,12.0
169190783,16,25,10.0
169190783,26,39,8.0
169190783,40,67,6.0
169190784,1,1,100.0
169190784,2,2,80.0
169190784,3,3,60.0
169190784,4,4,40.0
169190784,5,6,30.0
169190784,7,9,20.0
169190785,1,1,2000.0
169190785,2,2,750.0
169190785,3,3,350.0
169190785,4,4,200.0
169190785,5,5,150.0
169190785,6,7,100.0
169190785,8,10,80.0
169190785,11,15,60.0
169190785,16,20,50.0
169190785,21,30,40.0
169190785,31,55,30.0
169190785,56,100,25.0
169190785,101,175,20.0
169190785,176,294,15.0
169190786,1,1,175.0
169190786,2,2,125.0
169190786,3,3,87.5
169190786,4,4,62.5
169190786,5,5,50.0
169190787,1,1,100.0
169190787,2,2,85.0
169190787,3,3,75.0
169190787,4,4,60.0
169190787,5,5,50.0
169190787,6,6,40.0
169190787,7,7,35.0
169190787,8,8,30.0
169190787,9,9,25.0
169190788,1,1,150.0
169190788,2,2,100.0
169190788,3,3,70.0
169190788,4,4,45.0
169190788,5,5,30.0
169190788,6,7,25.0
169190788,8,10,20.0
169190788,11,15,15.0
169190788,16,25,12.0
169190788,26,55,10.0
169190789,1,1,750.0
169190789,2,2,450.0
169190789,3,3,300.0
169190790,1,1,250.0
169190790,2,2,150.0
169190790,3,3,100.0
169190791,1,1,75.0
169190791,2,2,35.0
169190791,3,3,20.0
169190791,4,4,15.0
169190791,5,5,10.0
169190791,6,7,8.0
169190791,8,10,6.0
169190791,11,15,5.0
169190791,16,20,4.0
169190791,21,25,3.0
169190791,26,35,2.0
169190791,36,55,1.5
169190791,56,115,1.0
169190791,116,285,0.75
169190791,286,812,0.5
169190792,1,1,250.0
169190792,2,2,125.0
169190792,3,3,80.0
169190792,4,4,60.0
169190792,5,5,50.0
169190792,6,6,40.0
169190792,7,8,30.0
169190792,9,10,25.0
169190792,11,13,20.0
169190792,14,16,15.0
169190792,17,20,10.0
169190792,21,25,8.0
169190792,26,35,6.0
169190792,36,60,5.0
169190792,61,105,4.0
169190792,106,200,3.0
169190792,201,396,2.0
169190792,397,768,1.5
169190793,1,1,500.0
169190793,2,2,100.0
169190793,3,3,50.0
169190793,4,4,40.0
169190793,5,5,30.0
169190793,6,6,25.0
169190793,7,8,20.0
169190793,9,10,15.0
169190793,11,15,10.0
169190793,16,20,8.0
169190793,21,30,6.0
169190793,31,40,5.0
169190793,41,60,4.0
169190793,61,100,3.0
169190793,101,195,2.0
169190793,196,395,1.5
169190793,396,1190,1.0
169190794,1,1,80.0
169190794,2,2,50.0
169190794,3,3,40.0
169190794,4,4,30.0
169190794,5,5,25.0
169190794,6,7,20.0
169190794,8,10,15.0
169190794,11,15,12.0
169190794,16,25,10.0
169190794,26,39,8.0
169190794,40,67,6.0
169190795,1,1,5000.0
169190795,2,2,3000.0
169190795,3,3,1500.0
169190795,4,4,1000.0
169190795,5,5,500.0
169190795,6,6,250.0
169190795,7,8,200.0
169190795,9,10,150.0
169190795,11,14,100.0
169190795,15,19,75.0
169190795,20,25,60.0
169190795,26,34,50.0
169190795,35,43,40.0
169190795,44,53,30.0
169190795,54,68,25.0
169190795,69,101,20.0
169190795,102,187,15.0
169190795,188,413,12.0
169190795,414,1165,9.0
169190796,1,1,100.0
169190796,2,2,75.0
169190796,3,3,50.0
169190796,4,4,35.0
169190796,5,5,25.0
169190796,6,6,20.0
169190796,7,8,15.0
169190796,9,10,10.0
169190796,11,13,8.0
169190796,14,16,6.0
169190796,17,20,5.0
169190796,21,25,4.0
169190796,26,40,3.0
169190796,41,80,2.0
169190796,81,165,1.5
169190796,166,395,1.0
169190796,396,975,0.75
169190796,976,2266,0.5
169190797,1,1,1350.0
169190798,1,1,500.0
169190798,2,2,350.0
169190798,3,3,250.0
169190798,4,4,200.0
169190798,5,6,150.0
169190798,7,10,100.0
169190799,1,1,1000.0
169190799,2,2,600.0
169190799,3,3,400.0
169190799,4,4,300.0
169190799,5,5,250.0
169190799,6,6,200.0
169190799,7,8,150.0
169190799,9,10,100.0
169190799,11,13,75.0
169190799,14,16,60.0
169190799,17,20,50.0
169190799,21,25,40.0
169190799,26,30,30.0
169190799,31,40,25.0
169190799,41,50,20.0
169190799,51,65,15.0
169190799,66,85,10.0
169190799,86,110,8.0
169190799,111,180,6.0
169190799,181,320,5.0
169190799,321,590,4.0
169190799,591,1155,3.0
169190799,1156,2362,2.0
169190799,2363,4636,1.5
169190800,1,1,300.0
169190800,2,2,200.0
169190800,3,3,150.0
169190800,4,4,125.0
169190800,5,5,100.0
169190800,6,6,80.0
169190800,7,7,70.0
169190800,8,9,60.0
169190800,10,11,50.0
169190800,12,14,45.0
169190800,15,19,40.0
169190800,20,27,35.0
169190800,28,40,30.0
169190800,41,70,25.0
169190801,1,1,6000.0
169190801,2,2,2500.0
169190802,1,1,800.0
169190802,2,2,600.0
169190802,3,3,500.0
169190802,4,4,400.0
169190802,5,5,300.0
169190802,6,6,250.0
169190802,7,7,200.0
169190802,8,9,150.0
169190802,10,12,120.0
169190802,13,18,100.0
169190802,19,31,80.0
169190802,32,56,66.0
169190803,1,1,750.0
169190803,2,2,500.0
169190803,3,3,300.0
169190803,4,4,200.0
169190803,5,5,150.0
169190803,6,7,100.0
169190803,8,10,75.0
169190803,11,13,60.0
169190803,14,16,50.0
169190803,17,20,40.0
169190803,21,24,35.0
169190803,25,30,30.0
169190803,31,40,25.0
169190803,41,55,20.0
169190803,56,90,15.0
169190803,91,175,10.0
169190803,176,325,8.0
169190803,326,615,6.0
169190804,1,1,500.0
169190804,2,2,250.0
169190804,3,3,100.0
169190804,4,4,50.0
169190804,5,5,30.0
169190804,6,6,25.0
169190804,7,8,20.0
169190804,9,10,15.0
169190804,11,15,10.0
169190804,16,20,8.0
169190804,21,30,6.0
169190804,31,45,5.0
169190804,46,75,4.0
169190804,76,150,3.0
169190804,151,340,2.0
169190804,341,726,1.5
169190804,727,2172,1.0
169190805,1,1,1250.0
169190805,2,2,950.0
169190805,3,3,700.0
169190805,4,4,600.0
169190805,5,5,500.0
169190805,6,6,400.0
169190805,7,8,300.0
169190805,9,13,200.0
169190806,1,1,600.0
169190806,2,2,300.0
169190806,3,3,200.0
169190806,4,4,150.0
169190806,5,5,100.0
169190806,6,7,75.0
169190806,8,10,60.0
169190806,11,13,55.0
169190806,14,16,50.0
169190806,17,19,45.0
169190806,20,25,40.0
169190806,26,30,35.0
169190806,31,35,30.0
169190806,36,45,25.0
169190806,46,70,20.0
169190806,71,121,15.0
169190806,122,300,10.0
169190807,1,1,5000.0
169190807,2,2,2000.0
169190807,3,3,1000.0
169190807,4,4,750.0
169190807,5,5,500.0
169190807,6,6,250.0
169190807,7,8,200.0
169190807,9,10,150.0
169190807,11,14,100.0
169190807,15,19,75.0
169190807,20,25,60.0
169190807,26,35,50.0
169190807,36,45,40.0
169190807,46,55,30.0
169190807,56,70,25.0
169190807,71,100,20.0
169190807,101,176,15.0
169190807,177,351,10.0
169190807,352,1051,8.0
169190808,1,1,300.0
169190808,2,2,250.0
169190808,3,3,200.0
169190808,4,4,150.0
169190808,5,5,100.0
169190809,1,1,100.0
169190809,2,2,75.0
169190809,3,3,50.0
169190809,4,4,35.0
169190809,5,5,25.0
169190809,6,6,20.0
169190809,7,8,15.0
169190809,9,10,10.0
169190809,11,13,8.0
169190809,14,16,6.0
169190809,17,20,5.0
169190809,21,25,4.0
169190809,26,30,3.0
169190809,31,45,2.0
169190809,46,85,1.5
169190809,86,205,1.0
169190809,206,555,0.75
169190809,556,1706,0.5
169190810,1,1,90.0
169190810,2,2,80.0
169190810,3,3,70.0
169190810,4,4,60.0
169190810,5,5,55.0
169190810,6,6,50.0
169190810,7,7,45.0
169190810,8,8,40.0
169190810,9,10,35.0
169190810,11,13,30.0
169190810,14,17,25.0
169190811,1,1,1350.0
169190812,1,1,750.0
169190812,2,2,300.0
169190812,3,3,200.0
169190812,4,4,150.0
169190812,5,5,120.0
169190812,6,7,100.0
169190812,8,10,80.0
169190812,11,15,60.0
169190812,16,23,40.0
169190812,24,35,30.0
169190812,36,50,20.0
169190812,51,75,10.0
169190812,76,125,7.5
169190812,126,225,5.0
169190812,226,550,2.5
169190812,551,1104,2.0
169190812,1105,2247,1.5
169190813,1,1,4000.0
169190813,2,2,2000.0
169190814,1,1,200.0
169190814,2,2,150.0
169190814,3,3,100.0
169190814,4,4,75.0
169190814,5,5,50.0
169190814,6,7,40.0
169190814,8,10,30.0
169190814,11,15,25.0
169190814,16,25,20.0
169190814,26,47,15.0
169190814,48,107,10.0
169190815,1,1,500.0
169190815,2,2,250.0
169190815,3,3,100.0
169190815,4,4,50.0
169190815,5,5,30.0
169190815,6,6,25.0
169190815,7,8,20.0
169190815,9,10,15.0
169190815,11,15,10.0
169190815,16,20,8.0
169190815,21,30,6.0
169190815,31,45,5.0
169190815,46,75,4.0
169190815,76,150,3.0
169190815,151,340,2.0
169190815,341,726,1.5
169190815,727,2172,1.0
169190816,1,1,300.0
169190816,2,2,250.0
169190816,3,3,200.0
169190816,4,4,150.0
169190816,5,6,100.0
169190816,7,8,75.0
169190816,9,13,50.0
169190817,1,1,400.0
169190817,2,2,250.0
169190817,3,3,150.0
169190817,4,4,100.0
169190817,5,5,75.0
169190817,6,6,60.0
169190817,7,8,50.0
169190817,9,10,40.0
169190817,11,12,35.0
169190817,13,15,30.0
169190817,16,20,25.0
169190817,21,25,20.0
169190817,26,35,15.0
169190817,36,60,10.0
169190817,61,110,8.0
169190817,111,200,6.0
169190817,201,412,5.0
169190818,1,1,700.0
169190818,2,2,500.0
169190818,3,3,350.0
169190818,4,4,250.0
169190818,5,5,200.0
169191178,1,1,54.0
169191179,1,1,135.0
169191180,1,1,27.0
169191181,1,1,13.5
169191182,1,1,2.7
169191183,1,2,10000.0
169191184,1,2,2000.0
169191185,1,2,1000.0
169191186,1,2,300.0
169191187,1,2,200.0
169191188,1,2,90.0
169191189,1,10,36.0
169191190,1,5,36.0
169191191,1,2,36.0
169191192,1,2,36.0
169191193,1,10,18.0
169191194,1,5,18.0
169191195,1,5,18.0
169191196,1,2,18.0
169191197,1,2,18.0
169191198,1,2,18.0
169191199,1,10,9.0
169191200,1,10,9.0
169191201,1,5,9.0
169191202,1,5,9.0
169191203,1,5,9.0
169191204,1,10,3.6
169191205,1,10,3.6
169191206,1,5,3.6
169191207,1,5,3.6
169191208,1,5,3.6
169191209,1,10,1.8
169191210,1,10,1.8
169191211,1,5,1.8
169191212,1,5,1.8
169191213,1,5,1.8
169191214,1,2,90.0
169191215,1,2,36.0
169191216,1,5,18.0
169191217,1,5,9.0
169191218,1,5,5.4
169191219,1,5,1.8
169191220,1,1,30.0
169191220,2,2,15.0
169191221,1,1,15.0
169191221,2,2,7.5
169191222,1,1,13.5
169191223,1,1,6.0
169191223,2,2,3.0
169191224,1,1,5.4
169191225,1,1,3.0
169191225,2,2,1.5
169191226,1,1,30000.0
169191227,1,1,15000.0
169191228,1,1,3000.0
169191229,1,1,1500.0
169191230,1,1,450.0
169191231,1,1,300.0
169191232,1,1,300.0
169191233,1,1,150.0
169191233,2,2,75.0
169191234,1,1,135.0
169191235,1,1,60.0
169191235,2,2,30.0
169191236,1,1,60.0
169191236,2,2,30.0
169191237,1,1,54.0
169191238,1,1,54.0
169191239,1,1,54.0
169191240,1,1,50.0
169191240,2,2,25.0
169191240,3,3,15.0
169191241,1,1,30.0
169191241,2,2,15.0
169191242,1,1,30.0
169191242,2,2,15.0
169191243,1,1,27.0
169191244,1,1,27.0
169191245,1,1,27.0
169191246,1,1,25.0
169191246,2,2,12.5
169191246,3,3,7.5
169191247,1,1,25.0
169191247,2,2,12.5
169191247,3,3,7.5
169191248,1,1,15.0
169191248,2,2,7.5
169191249,1,1,15.0
169191249,2,2,7.5
169191250,1,1,15.0
169191250,2,2,7.5
169191251,1,1,13.5
169191252,1,1,13.5
169191253,1,1,13.5
169191254,1,1,14.4
169191254,2,2,10.8
169191254,3,3,7.2
169191254,4,4,3.6
169191255,1,1,14.4
169191255,2,2,10.8
169191255,3,3,7.2
169191255,4,4,3.6
169191256,1,1,10.0
169191256,2,2,5.0
169191256,3,3,3.0
169191257,1,1,10.0
169191257,2,2,5.0
169191257,3,3,3.0
169191258,1,1,10.0
169191258,2,2,5.0
169191258,3,3,3.0
169191259,1,1,6.0
169191259,2,2,3.0
169191260,1,1,6.0
169191260,2,2,3.0
169191261,1,1,6.0
169191261,2,2,3.0
169191262,1,1,5.4
169191263,1,1,5.4
169191264,1,1,5.4
169191265,1,1,5.0
169191265,2,2,2.5
169191265,3,3,1.5
169191266,1,1,3.0
169191266,2,2,1.5
169191267,1,1,2.7
169191268,1,1,2.7
169191269,1,3,200.0
169191270,1,1,40000.0
169191271,1,1,40000.0
169191272,1,1,40000.0
169191273,1,2,90.0
169191274,1,2,36.0
169191275,1,5,18.0
169191276,1,5,9.0
169191277,1,5,5.4
169191278,1,2,5.4
169191279,1,5,1.8
169191280,1,1,135.0
169191281,1,1,54.0
169191282,1,1,30.0
169191282,2,2,15.0
169191283,1,1,27.0
169191284,1,1,6.0
169191284,2,2,3.0
169191285,1,1,5.4
169191286,1,1,340.0
169191286,2,2,160.0
169191287,1,5,20.0
169191288,1,5,50.0
169191289,1,5,100.0
169191290,1,5,10.0
169191291,1,5,6.0
169191292,1,5,2.0
169191293,1,10,50.0
169191294,1,10,100.0
169191295,1,1,4000.0
169191296,1,1,1000.0
169191297,1,1,1500.0
169191298,1,1,555.0
169191299,1,1,3333.0
169191300,1,1,111.0
169191301,1,1,333.0
169191302,1,1,54.0
169191303,1,1,135.0
169191304,1,1,27.0
169191305,1,1,13.5
169191306,1,1,2.7
169191307,1,2,10000.0
169191308,1,2,2000.0
169191309,1,2,1000.0
169191310,1,2,300.0
169191311,1,2,200.0
169191312,1,2,90.0
169191313,1,10,36.0
169191314,1,5,36.0
169191315,1,2,36.0
169191316,1,2,36.0
169191317,1,10,18.0
169191318,1,5,18.0
169191319,1,5,18.0
169191320,1,2,18.0
169191321,1,2,18.0
169191322,1,2,18.0
169191323,1,10,9.0
169191324,1,10,9.0
169191325,1,5,9.0
169191326,1,5,9.0
169191327,1,5,9.0
169191328,1,10,3.6
169191329,1,10,3.6
169191330,1,5,3.6
169191331,1,5,3.6
169191332,1,5,3.6
169191333,1,10,1.8
169191334,1,10,1.8
169191335,1,5,1.8
169191336,1,5,1.8
169191337,1,5,1.8
169191338,1,2,90.0
169191339,1,2,36.0
169191340,1,5,18.0
169191341,1,5,9.0
169191342,1,5,5.4
169191343,1,5,1.8
169191344,1,1,30.0
169191344,2,2,15.0
169191345,1,1,15.0
169191345,2,2,7.5
169191346,1,1,13.5
169191347,1,1,6.0
169191347,2,2,3.0
169191348,1,1,5.4
169191349,1,1,3.0
169191349,2,2,1.5
169191350,1,1,30000.0
169191351,1,1,15000.0
169191352,1,1,3000.0
169191353,1,1,1500.0
169191354,1,1,450.0
169191355,1,1,300.0
169191356,1,1,300.0
169191357,1,1,150.0
169191357,2,2,75.0
169191358,1,1,135.0
169191359,1,1,60.0
169191359,2,2,30.0
169191360,1,1,60.0
169191360,2,2,30.0
169191361,1,1,54.0
169191362,1,1,54.0
169191363,1,1,54.0
169191364,1,1,50.0
169191364,2,2,25.0
169191364,3,3,15.0
169191365,1,1,30.0
169191365,2,2,15.0
169191366,1,1,30.0
169191366,2,2,15.0
169191367,1,1,27.0
169191368,1,1,27.0
169191369,1,1,27.0
169191370,1,1,25.0
169191370,2,2,12.5
169191370,3,3,7.5
169191371,1,1,25.0
169191371,2,2,12.5
169191371,3,3,7.5
169191372,1,1,15.0
169191372,2,2,7.5
169191373,1,1,15.0
169191373,2,2,7.5
169191374,1,1,15.0
169191374,2,2,7.5
169191375,1,1,13.5
169191376,1,1,13.5
169191377,1,1,13.5
169191378,1,1,14.4
169191378,2,2,10.8
169191378,3,3,7.2
169191378,4,4,3.6
169191379,1,1,14.4
169191379,2,2,10.8
169191379,3,3,7.2
169191379,4,4,3.6
169191380,1,1,10.0
169191380,2,2,5.0
169191380,3,3,3.0
169191381,1,1,10.0
169191381,2,2,5.0
169191381,3,3,3.0
169191382,1,1,10.0
169191382,2,2,5.0
169191382,3,3,3.0
169191383,1,1,6.0
169191383,2,2,3.0
169191384,1,1,6.0
169191384,2,2,3.0
169191385,1,1,6.0
169191385,2,2,3.0
169191386,1,1,5.4
169191387,1,1,5.4
169191388,1,1,5.4
169191389,1,1,5.0
169191389,2,2,2.5
169191389,3,3,1.5
169191390,1,1,3.0
169191390,2,2,1.5
169191391,1,1,2.7
169191392,1,1,2.7
169191393,1,3,200.0
169191394,1,1,40000.0
169191395,1,1,40000.0
169191396,1,1,40000.0
169191397,1,2,90.0
169191398,1,2,36.0
169191399,1,5,18.0
169191400,1,5,9.0
169191401,1,5,5.4
169191402,1,2,5.4
169191403,1,5,1.8
169191404,1,1,135.0
169191405,1,1,54.0
169191406,1,1,30.0
169191406,2,2,15.0
169191407,1,1,27.0
169191408,1,1,6.0
169191408,2,2,3.0
169191409,1,1,5.4
169191410,1,1,340.0
169191410,2,2,160.0
169191411,1,5,20.0
169191412,1,5,50.0
169191413,1,5,100.0
169191414,1,5,10.0
169191415,1,5,6.0
169191416,1,5,2.0
169191417,1,10,50.0
169191418,1,10,100.0
169191419,1,1,4000.0
169191420,1,1,1000.0
169191421,1,1,1500.0
169191422,1,1,555.0
169191423,1,1,3333.0
169191424,1,1,111.0
169191425,1,1,333.0
169191426,1,1,54.0
169191427,1,1,135.0
169191428,1,1,27.0
169191429,1,1,13.5
169191430,1,1,2.7
169191431,1,2,10000.0
169191432,1,2,2000.0
169191433,1,2,1000.0
169191434,1,2,300.0
169191435,1,2,200.0
169191436,1,2,90.0
169191437,1,10,36.0
169191438,1,5,36.0
169191439,1,2,36.0
169191440,1,2,36.0
169191441,1,10,18.0
169191442,1,5,18.0
169191443,1,5,18.0
169191444,1,2,18.0
169191445,1,2,18.0
169191446,1,2,18.0
169191447,1,10,9.0
169191448,1,10,9.0
169191449,1,5,9.0
169191450,1,5,9.0
169191451,1,5,9.0
169191452,1,10,3.6
169191453,1,10,3.6
169191454,1,5,3.6
169191455,1,5,3.6
169191456,1,5,3.6
169191457,1,10,1.8
169191458,1,10,1.8
169191459,1,5,1.8
169191460,1,5,1.8
169191461,1,5,1.8
169191462,1,2,90.0
169191463,1,2,36.0
169191464,1,5,18.0
169191465,1,5,9.0
169191466,1,5,5.4
169191467,1,5,1.8
169191468,1,1,30.0
169191468,2,2,15.0
169191469,1,1,15.0
169191469,2,2,7.5
169191470,1,1,13.5
169191471,1,1,6.0
169191471,2,2,3.0
169191472,1,1,5.4
169191473,1,1,3.0
169191473,2,2,1.5
169191474,1,1,30000.0
169191475,1,1,15000.0
169191476,1,1,3000.0
169191477,1,1,1500.0
169191478,1,1,450.0
169191479,1,1,300.0
169191480,1,1,300.0
169191481,1,1,150.0
169191481,2,2,75.0
169191482,1,1,135.0
169191483,1,1,60.0
169191483,2,2,30.0
169191484,1,1,60.0
169191484,2,2,30.0
169191485,1,1,54.0
169191486,1,1,54.0
169191487,1,1,54.0
169191488,1,1,50.0
169191488,2,2,25.0
169191488,3,3,15.0
169191489,1,1,30.0
169191489,2,2,15.0
169191490,1,1,30.0
169191490,2,2,15.0
169191491,1,1,27.0
169191492,1,1,27.0
169191493,1,1,27.0
169191494,1,1,25.0
169191494,2,2,12.5
169191494,3,3,7.5
169191495,1,1,25.0
169191495,2,2,12.5
169191495,3,3,7.5
169191496,1,1,15.0
169191496,2,2,7.5
169191497,1,1,15.0
169191497,2,2,7.5
169191498,1,1,15.0
169191498,2,2,7.5
169191499,1,1,13.5
169191500,1,1,13.5
169191501,1,1,13.5
169191502,1,1,14.4
169191502,2,2,10.8
169191502,3,3,7.2
169191502,4,4,3.6
169191503,1,1,14.4
169191503,2,2,10.8
169191503,3,3,7.2
169191503,4,4,3.6
169191504,1,1,10.0
169191504,2,2,5.0
169191504,3,3,3.0
169191505,1,1,10.0
169191505,2,2,5.0
169191505,3,3,3.0
169191506,1,1,10.0
169191506,2,2,5.0
169191506,3,3,3.0
169191507,1,1,6.0
169191507,2,2,3.0
169191508,1,1,6.0
169191508,2,2,3.0
169191509,1,1,6.0
169191509,2,2,3.0
169191510,1,1,5.4
169191511,1,1,5.4
169191512,1,1,5.4
169191513,1,1,5.0
169191513,2,2,2.5
169191513,3,3,1.5
169191514,1,1,3.0
169191514,2,2,1.5
169191516,1,1,2.7
169191517,1,3,200.0
169191518,1,1,40000.0
169191519,1,1,40000.0
169191520,1,1,40000.0
169191521,1,2,90.0
169191522,1,2,36.0
169191523,1,5,18.0
169191524,1,5,9.0
169191525,1,5,5.4
169191526,1,2,5.4
169191527,1,5,1.8
169191528,1,1,135.0
169191529,1,1,54.0
169191530,1,1,30.0
169191530,2,2,15.0
169191531,1,1,27.0
169191532,1,1,6.0
169191532,2,2,3.0
169191533,1,1,5.4
169191534,1,1,340.0
169191534,2,2,160.0
169191535,1,5,20.0
169191536,1,5,50.0
169191537,1,5,100.0
169191538,1,5,10.0
169191539,1,5,6.0
169191540,1,5,2.0
169191541,1,10,50.0
169191542,1,10,100.0
169191543,1,1,4000.0
169191544,1,1,1000.0
169191545,1,1,1500.0
169191546,1,1,555.0
169191547,1,1,3333.0
169191548,1,1,111.0
169191549,1,1,333.0
169191550,1,1,54.0
169191551,1,1,135.0
169191552,1,1,27.0
169191553,1,1,13.5
169191554,1,1,2.7
169191555,1,2,10000.0
169191556,1,2,2000.0
169191557,1,2,1000.0
169191558,1,2,300.0
169191559,1,2,200.0
169191560,1,2,90.0
169191561,1,10,36.0
169191562,1,5,36.0
169191563,1,2,36.0
169191564,1,2,36.0
169191565,1,10,18.0
169191566,1,5,18.0
169191567,1,5,18.0
169191568,1,2,18.0
169191569,1,2,18.0
169191570,1,2,18.0
169191571,1,10,9.0
169191572,1,10,9.0
169191573,1,5,9.0
169191574,1,5,9.0
169191575,1,5,9.0
169191576,1,10,3.6
169191577,1,10,3.6
169191578,1,5,3.6
169191579,1,5,3.6
169191580,1,5,3.6
169191581,1,10,1.8
169191582,1,10,1.8
169191583,1,5,1.8
169191584,1,5,1.8
169191585,1,5,1.8
169191586,1,2,90.0
169191587,1,2,36.0
169191588,1,5,18.0
169191589,1,5,9.0
169191590,1,5,5.4
169191591,1,5,1.8
169191592,1,1,30.0
169191592,2,2,15.0
169191593,1,1,15.0
169191593,2,2,7.5
169191594,1,1,13.5
169191595,1,1,6.0
169191595,2,2,3.0
169191596,1,1,5.4
169191597,1,1,3.0
169191597,2,2,1.5
169191598,1,1,30000.0
169191599,1,1,15000.0
169191600,1,1,3000.0
169191601,1,1,1500.0
169191602,1,1,450.0
169191603,1,1,300.0
169191604,1,1,300.0
169191605,1,1,150.0
169191605,2,2,75.0
169191606,1,1,135.0
169191607,1,1,60.0
169191607,2,2,30.0
169191608,1,1,60.0
169191608,2,2,30.0
169191609,1,1,54.0
169191610,1,1,54.0
169191611,1,1,54.0
169191612,1,1,50.0
169191612,2,2,25.0
169191612,3,3,15.0
169191613,1,1,30.0
169191613,2,2,15.0
169191614,1,1,30.0
169191614,2,2,15.0
169191615,1,1,27.0
169191616,1,1,27.0
169191617,1,1,27.0
169191618,1,1,25.0
169191618,2,2,12.5
169191618,3,3,7.5
169191619,1,1,25.0
169191619,2,2,12.5
169191619,3,3,7.5
169191620,1,1,15.0
169191620,2,2,7.5
169191621,1,1,15.0
169191621,2,2,7.5
169191622,1,1,15.0
169191622,2,2,7.5
169191623,1,1,13.5
169191624,1,1,13.5
169191625,1,1,13.5
169191626,1,1,14.4
169191626,2,2,10.8
169191626,3,3,7.2
169191626,4,4,3.6
169191627,1,1,14.4
169191627,2,2,10.8
169191627,3,3,7.2
169191627,4,4,3.6
169191628,1,1,10.0
169191628,2,2,5.0
169191628,3,3,3.0
169191629,1,1,10.0
169191629,2,2,5.0
169191629,3,3,3.0
169191630,1,1,10.0
169191630,2,2,5.0
169191630,3,3,3.0
169191631,1,1,6.0
169191631,2,2,3.0
169191632,1,1,6.0
169191632,2,2,3.0
169191633,1,1,6.0
169191633,2,2,3.0
169191634,1,1,5.4
169191635,1,1,5.4
169191636,1,1,5.4
169191637,1,1,5.0
169191637,2,2,2.5
169191637,3,3,1.5
169191638,1,1,3.0
169191638,2,2,1.5
169191639,1,1,2.7
169191640,1,1,2.7
169191641,1,3,200.0
169191642,1,1,40000.0
169191643,1,1,40000.0
169191644,1,1,40000.0
169191645,1,2,90.0
169191646,1,2,36.0
169191647,1,5,18.0
169191648,1,5,9.0
169191649,1,5,5.4
169191650,1,2,5.4
169191651,1,5,1.8
169191652,1,1,135.0
169191653,1,1,54.0
169191654,1,1,30.0
169191654,2,2,15.0
169191655,1,1,27.0
169191656,1,1,6.0
169191656,2,2,3.0
169191657,1,1,5.4
169191658,1,1,340.0
169191658,2,2,160.0
169191659,1,5,20.0
169191660,1,5,50.0
169191661,1,5,100.0
169191662,1,5,10.0
169191663,1,5,6.0
169191664,1,5,2.0
169191665,1,10,50.0
169191666,1,10,100.0
169191667,1,1,4000.0
169191668,1,1,1000.0
169191669,1,1,1500.0
169191670,1,1,555.0
169191671,1,1,3333.0
169191672,1,1,111.0
169191673,1,1,333.0
169191674,1,1,54.0
169191675,1,1,135.0
169191676,1,1,27.0
169191677,1,1,13.5
169191678,1,1,2.7
169191679,1,2,10000.0
169191680,1,2,2000.0
169191681,1,2,1000.0
169191682,1,2,300.0
169191683,1,2,200.0
169191684,1,2,90.0
169191685,1,10,36.0
169191686,1,5,36.0
169191687,1,2,36.0
169191688,1,2,36.0
169191689,1,10,18.0
169191690,1,5,18.0
169191691,1,5,18.0
169191692,1,2,18.0
169191693,1,2,18.0
169191694,1,2,18.0
169191695,1,10,9.0
169191696,1,10,9.0
169191697,1,5,9.0
169191698,1,5,9.0
169191699,1,5,9.0
169191700,1,10,3.6
169191701,1,10,3.6
169191702,1,5,3.6
169191703,1,5,3.6
169191704,1,5,3.6
169191705,1,10,1.8
169191706,1,10,1.8
169191707,1,5,1.8
169191708,1,5,1.8
169191709,1,5,1.8
169191710,1,2,90.0
169191711,1,2,36.0
169191712,1,5,18.0
169191713,1,5,9.0
169191714,1,5,5.4
169191715,1,5,1.8
169191716,1,1,30.0
169191716,2,2,15.0
169191717,1,1,15.0
169191717,2,2,7.5
169191718,1,1,13.5
169191719,1,1,6.0
169191719,2,2,3.0
169191720,1,1,5.4
169191721,1,1,3.0
169191721,2,2,1.5
169191722,1,1,30000.0
169191723,1,1,15000.0
169191724,1,1,3000.0
169191725,1,1,1500.0
169191726,1,1,450.0
169191727,1,1,300.0
169191728,1,1,300.0
169191729,1,1,150.0
169191729,2,2,75.0
169191730,1,1,135.0
169191731,1,1,60.0
169191731,2,2,30.0
169191732,1,1,60.0
169191732,2,2,30.0
169191733,1,1,54.0
169191734,1,1,54.0
169191735,1,1,54.0
169191736,1,1,50.0
169191736,2,2,25.0
169191736,3,3,15.0
169191737,1,1,30.0
169191737,2,2,15.0
169191738,1,1,30.0
169191738,2,2,15.0
169191739,1,1,27.0
169191740,1,1,27.0
169191741,1,1,27.0
169191742,1,1,25.0
169191742,2,2,12.5
169191742,3,3,7.5
169191743,1,1,25.0
169191743,2,2,12.5
169191743,3,3,7.5
169191745,1,1,15.0
169191745,2,2,7.5
169191746,1,1,15.0
169191746,2,2,7.5
169191747,1,1,15.0
169191747,2,2,7.5
169191748,1,1,13.5
169191749,1,1,13.5
169191750,1,1,13.5
169191751,1,1,14.4
169191751,2,2,10.8
169191751,3,3,7.2
169191751,4,4,3.6
169191752,1,1,14.4
169191752,2,2,10.8
169191752,3,3,7.2
169191752,4,4,3.6
169191753,1,1,10.0
169191753,2,2,5.0
169191753,3,3,3.0
169191754,1,1,10.0
169191754,2,2,5.0
169191754,3,3,3.0
169191755,1,1,10.0
169191755,2,2,5.0
169191755,3,3,3.0
169191756,1,1,6.0
169191756,2,2,3.0
169191757,1,1,6.0
169191757,2,2,3.0
169191758,1,1,6.0
169191758,2,2,3.0
169191759,1,1,5.4
169191760,1,1,5.4
169191761,1,1,5.4
169191762,1,1,5.0
169191762,2,2,2.5
169191762,3,3,1.5
169191763,1,1,3.0
169191763,2,2,1.5
169191764,1,1,2.7
169191765,1,1,2.7
169191766,1,3,200.0
169191767,1,1,40000.0
169191768,1,1,40000.0
169191769,1,1,40000.0
169191770,1,2,90.0
169191771,1,2,36.0
169191772,1,5,18.0
169191773,1,5,9.0
169191774,1,5,5.4
169191775,1,2,5.4
169191776,1,5,1.8
169191777,1,1,135.0
169191778,1,1,54.0
169191779,1,1,30.0
169191779,2,2,15.0
169191780,1,1,27.0
169191781,1,1,6.0
169191781,2,2,3.0
169191782,1,1,5.4
169191783,1,1,340.0
169191783,2,2,160.0
169191784,1,5,20.0
169191785,1,5,50.0
169191786,1,5,100.0
169191787,1,5,10.0
169191788,1,5,6.0
169191789,1,5,2.0
169191790,1,10,50.0
169191791,1,10,100.0
169191792,1,1,4000.0
169191793,1,1,1000.0
169191794,1,1,1500.0
169191795,1,1,555.0
169191796,1,1,3333.0
169191797,1,1,111.0
169191798,1,1,333.0
169191799,1,1,54.0
169191800,1,1,135.0
169191801,1,1,27.0
169191802,1,1,13.5
169191803,1,1,2.7
169191804,1,2,10000.0
169191805,1,2,2000.0
169191806,1,2,1000.0
169191807,1,2,300.0
169191808,1,2,200.0
169191809,1,2,90.0
169191810,1,10,36.0
169191811,1,5,36.0
169191812,1,2,36.0
169191813,1,2,36.0
169191814,1,10,18.0
169191815,1,5,18.0
169191816,1,5,18.0
169191817,1,2,18.0
169191818,1,2,18.0
169191819,1,2,18.0
169191820,1,10,9.0
169191821,1,10,9.0
169191822,1,5,9.0
169191823,1,5,9.0
169191824,1,5,9.0
169191825,1,10,3.6
169191826,1,10,3.6
169191827,1,5,3.6
169191828,1,5,3.6
169191829,1,5,3.6
169191830,1,10,1.8
169191831,1,10,1.8
169191832,1,5,1.8
169191833,1,5,1.8
169191834,1,5,1.8
169191835,1,2,90.0
169191836,1,2,36.0
169191837,1,5,18.0
169191838,1,5,9.0
169191839,1,5,5.4
169191840,1,5,1.8
169191841,1,1,30.0
169191841,2,2,15.0
169191842,1,1,15.0
169191842,2,2,7.5
169191843,1,1,13.5
169191844,1,1,6.0
169191844,2,2,3.0
169191845,1,1,5.4
169191846,1,1,3.0
169191846,2,2,1.5
169191847,1,1,30000.0
169191848,1,1,15000.0
169191849,1,1,3000.0
169191850,1,1,1500.0
169191851,1,1,450.0
169191852,1,1,300.0
169191853,1,1,300.0
169191854,1,1,150.0
169191854,2,2,75.0
169191855,1,1,135.0
169191856,1,1,60.0
169191856,2,2,30.0
169191857,1,1,60.0
169191857,2,2,30.0
169191858,1,1,54.0
169191859,1,1,54.0
169191860,1,1,54.0
169191861,1,1,50.0
169191861,2,2,25.0
169191861,3,3,15.0
169191862,1,1,30.0
169191862,2,2,15.0
169191863,1,1,30.0
169191863,2,2,15.0
169191864,1,1,27.0
169191865,1,1,27.0
169191866,1,1,27.0
169191867,1,1,25.0
169191867,2,2,12.5
169191867,3,3,7.5
169191868,1,1,25.0
169191868,2,2,12.5
169191868,3,3,7.5
169191869,1,1,15.0
169191869,2,2,7.5
169191870,1,1,15.0
169191870,2,2,7.5
169191871,1,1,15.0
169191871,2,2,7.5
169191872,1,1,13.5
169191873,1,1,13.5
169191874,1,1,13.5
169191875,1,1,14.4
169191875,2,2,10.8
169191875,3,3,7.2
169191875,4,4,3.6
169191876,1,1,14.4
169191876,2,2,10.8
169191876,3,3,7.2
169191876,4,4,3.6
169191877,1,1,10.0
169191877,2,2,5.0
169191877,3,3,3.0
169191878,1,1,10.0
169191878,2,2,5.0
169191878,3,3,3.0
169191879,1,1,10.0
169191879,2,2,5.0
169191879,3,3,3.0
169191880,1,1,6.0
169191880,2,2,3.0
169191881,1,1,6.0
169191881,2,2,3.0
169191882,1,1,6.0
169191882,2,2,3.0
169191883,1,1,5.4
169191884,1,1,5.4
169191885,1,1,5.4
169191886,1,1,5.0
169191886,2,2,2.5
169191886,3,3,1.5
169191887,1,1,3.0
169191887,2,2,1.5
169191888,1,1,2.7
169191889,1,1,2.7
169191890,1,3,200.0
169191891,1,1,40000.0
169191892,1,1,40000.0
169191893,1,1,40000.0
169191894,1,2,90.0
169191895,1,2,36.0
169191896,1,5,18.0
169191897,1,5,9.0
169191898,1,5,5.4
169191899,1,2,5.4
169191900,1,5,1.8
169191901,1,1,135.0
169191902,1,1,54.0
169191903,1,1,30.0
169191903,2,2,15.0
169191904,1,1,27.0
169191905,1,1,6.0
169191905,2,2,3.0
169191906,1,1,5.4
169191907,1,1,340.0
169191907,2,2,160.0
169191908,1,5,20.0
169191909,1,5,50.0
169191910,1,5,100.0
169191911,1,5,10.0
169191912,1,5,6.0
169191913,1,5,2.0
169191914,1,10,50.0
169191915,1,10,100.0
169191916,1,1,4000.0
169191917,1,1,1000.0
169191918,1,1,1500.0
169191919,1,1,555.0
169191920,1,1,3333.0
169191921,1,1,111.0
169191922,1,1,333.0
169191968,1,5,50.0
169191969,1,10,2.0
169191970,1,5,20.0
169191971,1,9,3.0
169191972,1,10,2.0
169191973,1,10,6.0
169191974,1,10,10.0
169191975,1,1,300.0
169191976,1,1,20.0
169191977,1,1,15.0
169191978,1,1,15.0
169191981,1,5,50.0
169191982,1,10,2.0
169191983,1,5,20.0
169191984,1,9,3.0
169191985,1,10,2.0
169191986,1,10,6.0
169191987,1,10,10.0
169191988,1,1,300.0
169191989,1,1,20.0
169191990,1,1,15.0
169191991,1,1,15.0
169191994,1,5,50.0
169191995,1,10,2.0
169191996,1,5,20.0
169191997,1,9,3.0
169191998,1,10,2.0
169191999,1,10,6.0
169192000,1,10,10.0
169192001,1,1,300.0
169192002,1,1,20.0
169192003,1,1,15.0
169192004,1,1,15.0
169192006,1,5,50.0
169192007,1,10,2.0
169192008,1,5,20.0
169192009,1,9,3.0
169192010,1,10,2.0
169192011,1,10,6.0
169192012,1,10,10.0
169192013,1,1,300.0
169192014,1,1,20.0
169192015,1,1,15.0
169192016,1,1,15.0
169192021,1,5,50.0
169192022,1,10,2.0
169192023,1,5,20.0
169192024,1,9,3.0
169192025,1,10,2.0
169192026,1,10,6.0
169192027,1,10,10.0
169192028,1,1,300.0
169192029,1,1,20.0
169192030,1,1,15.0
169192031,1,1,15.0
169192039,1,10,20.0
169192040,1,9,15.0
169192041,1,9,30.0
169192042,1,10,6.0
169192043,1,5,50.0
169192044,1,10,10.0
169192045,1,10,2.0
169192046,1,5,20.0
169192047,1,5,100.0
169192048,1,10,6.0
169192049,1,10,2.0
169192050,1,10,10.0
169192051,1,3,75.0
169192053,1,9,15.0
169192054,1,10,2.0
169192055,1,1,300.0
169192056,1,1,110.0
169192073,1,2,90.0
169192074,1,2,90.0
169192075,1,2,200.0
169192076,1,2,200.0
169192078,1,1,2.7
169192079,1,1,2.7
169192080,1,1,5.4
169192081,1,1,5.4
169192083,1,1,13.5
169192084,1,1,13.5
169192085,1,1,13.5
169192086,1,1,27.0
169192087,1,1,27.0
169192088,1,1,27.0
169192089,1,1,54.0
169192090,1,1,54.0
169192091,1,1,54.0
169192092,1,1,1500.0
169192093,1,1,300.0
169192094,1,1,300.0
169192095,1,1,300.0
169192096,1,1,3.0
169192096,2,2,1.5
169192097,1,1,3.0
169192097,2,2,1.5
169192098,1,1,3.0
169192098,2,2,1.5
169192099,1,1,6.0
169192099,2,2,3.0
169192100,1,1,6.0
169192100,2,2,3.0
169192101,1,1,6.0
169192101,2,2,3.0
169192102,1,1,15.0
169192102,2,2,7.5
169192103,1,1,15.0
169192103,2,2,7.5
169192104,1,1,15.0
169192104,2,2,7.5
169192105,1,1,30.0
169192105,2,2,15.0
169192106,1,1,30.0
169192106,2,2,15.0
169192107,1,1,30.0
169192107,2,2,15.0
169192108,1,1,60.0
169192108,2,2,30.0
169192109,1,1,60.0
169192109,2,2,30.0
169192110,1,1,60.0
169192110,2,2,30.0
169192111,1,1,340.0
169192111,2,2,160.0
169192112,1,1,5.0
169192112,2,2,2.5
169192112,3,3,1.5
169192113,1,1,5.0
169192113,2,2,2.5
169192113,3,3,1.5
169192114,1,1,5.0
169192114,2,2,2.5
169192114,3,3,1.5
169192115,1,1,10.0
169192115,2,2,5.0
169192115,3,3,3.0
169192116,1,1,10.0
169192116,2,2,5.0
169192116,3,3,3.0
169192117,1,1,10.0
169192117,2,2,5.0
169192117,3,3,3.0
169192118,1,1,25.0
169192118,2,2,12.5
169192118,3,3,7.5
169192119,1,1,25.0
169192119,2,2,12.5
169192119,3,3,7.5
169192120,1,1,25.0
169192120,2,2,12.5
169192120,3,3,7.5
169192121,1,5,9.0
169192122,1,5,9.0
169192123,1,5,9.0
169192124,1,1,50.0
169192124,2,2,25.0
169192124,3,3,15.0
169192125,1,1,50.0
169192125,2,2,25.0
169192125,3,3,15.0
169192126,1,5,18.0
169192127,1,5,18.0
169192128,1,5,18.0
169192129,1,5,36.0
169192130,1,5,36.0
169192131,1,1,135.0
169192132,1,1,135.0
169192133,1,1,150.0
169192133,2,2,75.0
169192134,1,1,150.0
169192134,2,2,75.0
169192135,1,1,20000.0
169192136,1,1,20000.0
169192137,1,1,20000.0
169192138,1,1,3000.0
169192139,1,2,1000.0
169192140,1,2,2000.0
169192141,1,1,90.0
169192141,2,2,55.0
169192141,3,3,35.0
169192142,1,1,90.0
169192142,2,2,55.0
169192142,3,3,35.0
169192143,1,1,7.2
169192143,2,2,5.4
169192143,3,3,3.6
169192143,4,4,1.8
169192144,1,1,7.2
169192144,2,2,5.4
169192144,3,3,3.6
169192144,4,4,1.8
169192145,1,1,7.2
169192145,2,2,5.4
169192145,3,3,3.6
169192145,4,4,1.8
169192146,1,1,14.4
169192146,2,2,10.8
169192146,3,3,7.2
169192146,4,4,3.6
169192147,1,1,14.4
169192147,2,2,10.8
169192147,3,3,7.2
169192147,4,4,3.6
169192148,1,25,1.8
169192149,1,25,1.8
169192150,1,25,1.8
169192151,1,1,135.0
169192152,1,1,135.0
169192153,1,1,3.0
169192153,2,2,1.5
169192154,1,1,3.0
169192154,2,2,1.5
169192155,1,1,3.0
169192155,2,2,1.5
169192156,1,5,90.0
169192157,1,5,90.0
169192158,1,1,292.5
169192158,2,2,157.5
169192159,1,2,10000.0
169192160,1,1,15000.0
169192161,1,10,9.0
169192162,1,10,9.0
169192163,1,10,9.0
169192164,1,1,36.0
169192164,2,2,27.0
169192164,3,3,18.0
169192164,4,4,9.0
169192165,1,10,36.0
169192166,1,1,150.0
169192166,2,2,100.0
169192166,3,3,70.0
169192166,4,4,40.0
169192167,1,5,3.6
169192168,1,5,3.6
169192169,1,5,3.6
169192170,1,10,3.6
169192171,1,10,3.6
169192172,1,10,3.6
169192173,1,1,20.0
169192173,2,2,12.0
169192173,3,4,10.0
169192173,5,6,6.0
169192173,7,8,4.0
169192174,1,1,20.0
169192174,2,2,12.0
169192174,3,4,10.0
169192174,5,6,6.0
169192174,7,8,4.0
169192175,1,2,300.0
169192176,1,1,500.0
169192176,2,2,250.0
169192177,1,1,450.0
169192178,1,1,450.0
169192179,1,1,30000.0
169192180,1,10,18.0
169192181,1,1,72.0
169192181,2,2,54.0
169192181,3,3,36.0
169192181,4,4,18.0
169192182,1,10,1.8
169192183,1,10,1.8
169192184,1,10,1.8
169192185,1,5,1.8
169192186,1,5,1.8
169192187,1,5,1.8
169192188,1,1,10.0
169192188,2,3,6.0
169192188,4,5,4.0
169192188,6,8,2.0
169192189,1,1,10.0
169192189,2,3,6.0
169192189,4,5,4.0
169192189,6,8,2.0
169192190,1,5,90.0
169192191,1,5,9.0
169192192,1,5,9.0
169192193,1,5,9.0
169192194,1,1,15.0
169192194,2,2,7.5
169192195,1,1,15.0
169192195,2,2,7.5
169192196,1,1,15.0
169192196,2,2,7.5
169192197,1,1,13.5
169192198,1,1,13.5
169192199,1,1,13.5
169192200,1,5,5.4
169192201,1,5,5.4
169192202,1,5,5.4
169192203,1,5,36.0
169192204,1,5,36.0
169192205,1,5,36.0
169192206,1,1,60.0
169192206,2,2,30.0
169192207,1,1,54.0
169192208,1,1,54.0
169192209,1,1,54.0
169192210,1,1,6.0
169192210,2,2,3.0
169192211,1,1,6.0
169192211,2,2,3.0
169192212,1,1,6.0
169192212,2,2,3.0
169192213,1,1,5.4
169192214,1,1,5.4
169192215,1,1,5.4
169192216,1,5,18.0
169192217,1,5,18.0
169192218,1,5,18.0
169192219,1,1,30.0
169192219,2,2,15.0
169192220,1,1,27.0
169192221,1,1,27.0
169192222,1,1,27.0
169192223,1,5,1.8
169192224,1,5,1.8
169192225,1,5,1.8
169192226,1,1,2.7
169192227,1,1,2.7
169192228,1,1,2.7
169192229,1,3,200.0
169192230,1,1,40000.0
169192231,1,1,40000.0
169192232,1,1,40000.0
169192233,1,1,6000.0
169192234,1,1,6000.0
169192235,1,1,6000.0
169192235,2,2,4000.0
169192236,1,1,6000.0
169192236,2,2,4000.0
169192237,1,2,4000.0
169192238,1,2,4000.0
169192239,1,2,90.0
169192240,1,2,36.0
169192241,1,5,18.0
169192242,1,5,9.0
169192243,1,5,5.4
169192244,1,2,5.4
169192245,1,5,1.8
169192246,1,1,135.0
169192247,1,1,54.0
169192248,1,1,30.0
169192248,2,2,15.0
169192249,1,1,27.0
169192250,1,1,6.0
169192250,2,2,3.0
169192251,1,1,5.4
169192252,1,1,340.0
169192252,2,2,160.0
169192253,1,5,20.0
169192254,1,5,50.0
169192255,1,5,100.0
169192256,1,5,10.0
169192257,1,5,6.0
169192258,1,5,2.0
169192259,1,10,50.0
169192260,1,10,100.0
169192261,1,1,100000.0
169192262,1,1,4000.0
169192263,1,1,20000.0
169192264,1,1,1000.0
169192265,1,1,460.0
169192266,1,1,75000.0
169192267,1,1,4747.0
169192268,1,1,555.0
169192269,1,1,3333.0
169192270,1,1,111.0
169192271,1,1,333.0
169192272,1,5,100.0
169192273,1,5,100.0
169192274,1,10,2.0
169192275,1,10,6.0
169192276,1,5,20.0
169192277,1,3,50.0
169192278,1,3,150.0
169192279,1,3,100.0
169192280,1,10,2.0
169192281,1,10,6.0
169192282,1,10,6.0
169192283,1,10,6.0
169192284,1,10,6.0
169192285,1,10,6.0
169192286,1,10,6.0
169192287,1,5,20.0
169192288,1,5,20.0
169192289,1,5,20.0
169192290,1,5,20.0
169192291,1,10,6.0
169192292,1,17,2.0
169192293,1,17,2.0
169192294,1,17,2.0
169192295,1,9,3.0
169192296,1,9,15.0
169192297,1,9,30.0
169192298,1,9,75.0
169192299,1,1,100000.0
169192300,1,10,2.0
169192301,1,10,6.0
169192302,1,10,10.0
169192303,1,10,10.0
169192304,1,10,10.0
169192305,1,10,10.0
169192306,1,5,50.0
169192307,1,5,50.0
169192308,1,5,50.0
169192309,1,5,500.0
169192310,1,10,2.0
169192311,1,5,200.0
169192312,1,1,75000.0
169192313,1,1,25.0
169192314,1,1,555.0
169192315,1,1,15.0
169192316,1,1,15.0
169192317,1,1,15.0
169192318,1,1,333.0
169192319,1,1,333.0
169192320,1,1,20.0
169192321,1,1,20.0
169192322,1,1,20.0
169192323,1,1,3333.0
169192324,1,1,888.0
169192325,1,1,888.0
169192326,1,1,2500.0
169192327,1,1,2500.0
169192328,1,5,100.0
169192329,1,5,100.0
169192330,1,10,2.0
169192331,1,10,6.0
169192332,1,5,20.0
169192333,1,3,50.0
169192334,1,3,150.0
169192335,1,3,100.0
169192336,1,10,2.0
169192337,1,10,6.0
169192338,1,10,6.0
169192339,1,10,6.0
169192340,1,10,6.0
169192341,1,10,6.0
169192342,1,10,6.0
169192343,1,5,20.0
169192344,1,5,20.0
169192345,1,5,20.0
169192346,1,5,20.0
169192347,1,10,6.0
169192348,1,17,2.0
169192349,1,17,2.0
169192350,1,17,2.0
169192351,1,9,3.0
169192352,1,9,15.0
169192353,1,9,30.0
169192354,1,9,75.0
169192355,1,1,100000.0
169192356,1,10,2.0
169192357,1,10,6.0
169192358,1,10,10.0
169192359,1,10,10.0
169192360,1,10,10.0
169192361,1,10,10.0
169192362,1,5,50.0
169192363,1,5,50.0
169192364,1,5,50.0
169192365,1,5,500.0
169192366,1,10,2.0
169192367,1,5,200.0
169192368,1,1,75000.0
169192369,1,1,25.0
169192370,1,1,555.0
169192371,1,1,15.0
169192372,1,1,15.0
169192373,1,1,15.0
169192374,1,1,333.0
169192375,1,1,333.0
169192376,1,1,20.0
169192377,1,1,20.0
169192378,1,1,20.0
169192379,1,1,3333.0
169192380,1,1,888.0
169192381,1,1,888.0
169192382,1,1,2500.0
169192383,1,1,2500.0
169192418,1,1,888.0
169192419,1,1,888.0
169192420,1,1,888.0
169192421,1,1,888.0
169192422,1,1,888.0
169192423,1,1,888.0
169192424,1,1,888.0
169192425,1,1,888.0
169192426,1,1,888.0
169192553,1,1,54.0
169192555,1,1,135.0
169192556,1,1,27.0
169192557,1,1,13.5
169192558,1,1,2.7
169192559,1,2,10000.0
169192560,1,2,2000.0
169192561,1,2,1000.0
169192562,1,2,300.0
169192563,1,2,200.0
169192564,1,2,90.0
169192565,1,10,36.0
169192566,1,5,36.0
169192567,1,2,36.0
169192568,1,2,36.0
169192569,1,10,18.0
169192570,1,5,18.0
169192571,1,5,18.0
169192572,1,2,18.0
169192573,1,2,18.0
169192574,1,2,18.0
169192575,1,10,9.0
169192576,1,10,9.0
169192577,1,5,9.0
169192578,1,5,9.0
169192579,1,5,9.0
169192580,1,10,3.6
169192581,1,10,3.6
169192582,1,5,3.6
169192583,1,5,3.6
169192584,1,5,3.6
169192585,1,10,1.8
169192586,1,10,1.8
169192587,1,5,1.8
169192588,1,5,1.8
169192589,1,5,1.8
169192590,1,2,90.0
169192591,1,2,36.0
169192592,1,5,18.0
169192593,1,5,9.0
169192594,1,5,5.4
169192595,1,5,1.8
169192596,1,1,30.0
169192596,2,2,15.0
169192597,1,1,15.0
169192597,2,2,7.5
169192598,1,1,13.5
169192599,1,1,6.0
169192599,2,2,3.0
169192600,1,1,5.4
169192601,1,1,3.0
169192601,2,2,1.5
169192602,1,1,30000.0
169192603,1,1,15000.0
169192604,1,1,3000.0
169192605,1,1,1500.0
169192606,1,1,450.0
169192607,1,1,300.0
169192608,1,1,300.0
169192610,1,1,150.0
169192610,2,2,75.0
169192611,1,1,135.0
169192612,1,1,60.0
169192612,2,2,30.0
169192613,1,1,60.0
169192613,2,2,30.0
169192614,1,1,54.0
169192615,1,1,54.0
169192616,1,1,54.0
169192617,1,1,50.0
169192617,2,2,25.0
169192617,3,3,15.0
169192618,1,1,30.0
169192618,2,2,15.0
169192619,1,1,30.0
169192619,2,2,15.0
169192620,1,1,27.0
169192621,1,1,27.0
169192622,1,1,27.0
169192623,1,1,25.0
169192623,2,2,12.5
169192623,3,3,7.5
169192624,1,1,25.0
169192624,2,2,12.5
169192624,3,3,7.5
169192625,1,1,15.0
169192625,2,2,7.5
169192626,1,1,15.0
169192626,2,2,7.5
169192627,1,1,15.0
169192627,2,2,7.5
169192628,1,1,13.5
169192629,1,1,13.5
169192630,1,1,13.5
169192631,1,1,14.4
169192631,2,2,10.8
169192631,3,3,7.2
169192631,4,4,3.6
169192632,1,1,14.4
169192632,2,2,10.8
169192632,3,3,7.2
169192632,4,4,3.6
169192633,1,1,10.0
169192633,2,2,5.0
169192633,3,3,3.0
169192634,1,1,10.0
169192634,2,2,5.0
169192634,3,3,3.0
169192635,1,1,10.0
169192635,2,2,5.0
169192635,3,3,3.0
169192636,1,1,6.0
169192636,2,2,3.0
169192637,1,1,6.0
169192637,2,2,3.0
169192638,1,1,6.0
169192638,2,2,3.0
169192640,1,1,5.4
169192641,1,1,5.4
169192642,1,1,5.0
169192642,2,2,2.5
169192642,3,3,1.5
169192643,1,1,3.0
169192643,2,2,1.5
169192646,1,3,200.0
169192647,1,1,40000.0
169192648,1,1,40000.0
169192649,1,1,40000.0
169192650,1,2,90.0
169192651,1,2,36.0
169192652,1,5,18.0
169192653,1,5,9.0
169192654,1,5,5.4
169192655,1,2,5.4
169192656,1,5,1.8
169192657,1,1,135.0
169192658,1,1,54.0
169192659,1,1,30.0
169192659,2,2,15.0
169192660,1,1,27.0
169192661,1,1,6.0
169192661,2,2,3.0
169192662,1,1,5.4
169192663,1,1,340.0
169192663,2,2,160.0
169192664,1,5,20.0
169192665,1,5,50.0
169192666,1,5,100.0
169192667,1,5,10.0
169192668,1,5,6.0
169192669,1,5,2.0
169192670,1,10,50.0
169192671,1,10,100.0
169192672,1,1,4000.0
169192673,1,1,1000.0
169192674,1,1,1500.0
169192675,1,1,555.0
169192676,1,1,3333.0
169192677,1,1,111.0
169192678,1,1,333.0
169192691,1,3,1000.0
169192692,1,5,125.0
169192693,1,10,200.0
169192694,1,100,10.0
169192695,1,5,50.0
169192696,1,10,20.0
169192697,1,5,20.0
169192698,1,3,20.0
169192699,1,1,100.0
169192699,2,2,60.0
169192699,3,3,35.0
169192699,4,4,25.0
169192699,5,5,20.0
169192699,6,9,15.0
169192700,1,1,43.0
169192700,2,2,33.0
169192700,3,3,28.0
169192700,4,4,23.0
169192700,5,5,20.0
169192700,6,6,17.0
169192700,7,7,14.0
169192700,8,8,12.0
169192700,9,9,10.0
169192701,1,1,40.0
169192701,2,2,22.0
169192701,3,3,15.0
169192701,4,4,12.0
169192701,5,5,11.0
169192701,6,6,10.0
169192701,7,7,9.0
169192701,8,8,8.0
169192701,9,9,7.0
169192701,10,10,6.0
169192701,11,15,5.0
169192701,16,20,4.0
169192701,21,25,3.0
169192702,1,1,10.0
169192702,2,2,8.0
169192702,3,3,6.0
169192702,4,4,4.5
169192702,5,5,3.0
169192702,6,7,2.5
169192702,8,10,2.0
169192702,11,15,1.5
169192703,1,1,10.0
169192703,2,2,8.0
169192703,3,3,6.0
169192703,4,4,4.5
169192703,5,5,3.0
169192703,6,7,2.5
169192703,8,10,2.0
169192703,11,15,1.5
169192704,1,1,5.0
169192704,2,2,4.0
169192704,3,3,3.0
169192704,4,5,2.0
169192704,6,8,1.5
169192704,9,14,1.0
169192704,15,26,0.75
169192704,27,55,0.5
169192705,1,1,5.0
169192705,2,2,4.0
169192705,3,3,3.0
169192705,4,5,2.0
169192705,6,8,1.5
169192705,9,14,1.0
169192705,15,26,0.75
169192705,27,55,0.5
169192706,1,10,2.0
169192707,1,5,20.0
169192708,1,1,175.0
169192709,1,1,120.0
169192710,1,1,50.0
169192711,1,10,50.0
169192712,1,10,6.0
169192713,1,10,6.0
169192714,1,10,10.0
169192715,1,10,2.0
169192716,1,10,2.0
169192717,1,10,2.0
169192718,1,10,10.0
169192719,1,10,20.0
169192720,1,10,20.0
169192721,1,1,1000.0
169192722,1,1,500.0
169192723,1,1,100.0
169192724,1,1,100.0
169192725,1,1,100.0
169192726,1,1,100.0
169192727,1,1,500.0
169192728,1,10,2.0
169192729,1,10,6.0
169192730,1,6,15.0
169192731,1,9,75.0
169192732,1,9,30.0
169192733,1,18,15.0
169192734,1,27,15.0
169192735,1,9,15.0
169192736,1,18,3.0
169192737,1,9,3.0
169192738,1,9,3.0
169192739,1,9,3.0
169192740,1,1,1000.0
169192741,1,3,2000.0
169192742,1,54,6.0
169192743,1,54,10.0
169192744,1,27,20.0
169192745,1,17,50.0
169192746,1,1,40.0
169192746,2,2,20.0
169192746,3,3,10.0
169192746,4,4,6.0
169192746,5,5,5.0
169192746,6,7,4.0
169192746,8,10,3.0
169192746,11,13,2.0
169192746,14,16,1.5
169192746,17,20,1.0
169192746,21,30,0.75
169192746,31,70,0.5
169192746,71,185,0.4
169192746,186,465,0.3
169192746,466,1115,0.2
169192747,1,10,2.0
169192748,1,10,6.0
169192749,1,10,20.0
169192750,1,50,2.0
169192751,1,5,50.0
169192752,1,5,125.0
169192753,1,3,150.0
169192754,1,5,5.0
169192755,1,5,5.0
169192756,1,5,5.0
169192757,1,5,25.0
169192758,1,5,15.0
169192759,1,5,500.0
169192760,1,1,14.0
169192760,2,2,10.0
169192760,3,4,8.0
169192760,5,6,6.0
169192760,7,8,4.0
169192760,9,10,3.0
169192760,11,14,2.5
169192760,15,18,2.0
169192760,19,22,1.5
169192761,1,5,200.0
169192762,1,5,100.0
169192763,1,1,25.0
169192764,1,1,555.0
169192765,1,1,6.0
169192766,1,1,5.0
169192767,1,2,5.0
169192768,1,1,111.0
169192769,1,1,111.0
169192770,1,1,111.0
169192771,1,1,15.0
169192772,1,1,15.0
169192773,1,1,555.0
169192774,1,1,555.0
169192775,1,1,555.0
169192776,1,1,15.0
169192778,1,2,15.0
169192779,1,2,15.0
169192780,1,2,15.0
169192781,1,1,333.0
169192782,1,1,333.0
169192783,1,1,20.0
169192784,1,1,20.0
169192785,1,1,20.0
169192786,1,1,20.0
169192788,1,1,3333.0
169192789,1,1,888.0
169192790,1,1,888.0
169192791,1,1,888.0
169192792,1,1,2500.0
169192793,1,1,2500.0
169192794,1,1,4650.0
169192795,1,1,2830.0
169192796,1,1,725.0
169192797,1,1,250.0
169192798,1,1,250.0
169192803,1,1,54.0
169192804,1,1,135.0
169192805,1,1,27.0
169192806,1,1,13.5
169192807,1,1,2.7
169192808,1,2,10000.0
169192809,1,2,2000.0
169192810,1,2,1000.0
169192811,1,2,300.0
169192812,1,2,200.0
169192813,1,2,90.0
169192814,1,10,36.0
169192815,1,5,36.0
169192816,1,2,36.0
169192817,1,2,36.0
169192818,1,10,18.0
169192819,1,5,18.0
169192820,1,5,18.0
169192821,1,2,18.0
169192822,1,2,18.0
169192823,1,2,18.0
169192824,1,10,9.0
169192825,1,10,9.0
169192826,1,5,9.0
169192827,1,5,9.0
169192828,1,5,9.0
169192829,1,10,3.6
169192830,1,10,3.6
169192831,1,5,3.6
169192832,1,5,3.6
169192833,1,5,3.6
169192834,1,10,1.8
169192835,1,10,1.8
169192836,1,5,1.8
169192837,1,5,1.8
169192839,1,5,1.8
169192840,1,2,90.0
169192841,1,2,36.0
169192842,1,5,18.0
169192843,1,5,9.0
169192844,1,5,5.4
169192845,1,5,1.8
169192846,1,1,30.0
169192846,2,2,15.0
169192847,1,1,15.0
169192847,2,2,7.5
169192848,1,1,13.5
169192849,1,1,6.0
169192849,2,2,3.0
169192850,1,1,5.4
169192851,1,1,3.0
169192851,2,2,1.5
169192852,1,1,30000.0
169192853,1,1,15000.0
169192854,1,1,3000.0
169192855,1,1,1500.0
169192856,1,1,450.0
169192857,1,1,300.0
169192858,1,1,300.0
169192859,1,1,150.0
169192859,2,2,75.0
169192860,1,1,135.0
169192861,1,1,60.0
169192861,2,2,30.0
169192862,1,1,60.0
169192862,2,2,30.0
169192863,1,1,54.0
169192864,1,1,54.0
169192865,1,1,54.0
169192866,1,1,50.0
169192866,2,2,25.0
169192866,3,3,15.0
169192867,1,1,30.0
169192867,2,2,15.0
169192868,1,1,30.0
169192868,2,2,15.0
169192869,1,1,27.0
169192870,1,1,27.0
169192871,1,1,27.0
169192872,1,1,25.0
169192872,2,2,12.5
169192872,3,3,7.5
169192873,1,1,25.0
169192873,2,2,12.5
169192873,3,3,7.5
169192874,1,1,15.0
169192874,2,2,7.5
169192875,1,1,15.0
169192875,2,2,7.5
169192876,1,1,15.0
169192876,2,2,7.5
169192877,1,1,13.5
169192878,1,1,13.5
169192879,1,1,13.5
169192880,1,1,14.4
169192880,2,2,10.8
169192880,3,3,7.2
169192880,4,4,3.6
169192881,1,1,14.4
169192881,2,2,10.8
169192881,3,3,7.2
169192881,4,4,3.6
169192882,1,1,10.0
169192882,2,2,5.0
169192882,3,3,3.0
169192883,1,1,10.0
169192883,2,2,5.0
169192883,3,3,3.0
169192884,1,1,10.0
169192884,2,2,5.0
169192884,3,3,3.0
169192885,1,1,6.0
169192885,2,2,3.0
169192886,1,1,6.0
169192886,2,2,3.0
169192887,1,1,6.0
169192887,2,2,3.0
169192888,1,1,5.4
169192889,1,1,5.4
169192890,1,1,5.4
169192891,1,1,5.0
169192891,2,2,2.5
169192891,3,3,1.5
169192892,1,1,3.0
169192892,2,2,1.5
169192893,1,1,2.7
169192895,1,3,200.0
169192896,1,1,40000.0
169192897,1,1,40000.0
169192898,1,1,40000.0
169192899,1,2,90.0
169192900,1,2,36.0
169192901,1,5,18.0
169192902,1,5,9.0
169192903,1,5,5.4
169192904,1,2,5.4
169192905,1,5,1.8
169192906,1,1,135.0
169192907,1,1,54.0
169192908,1,1,30.0
169192908,2,2,15.0
169192909,1,1,27.0
169192910,1,1,6.0
169192910,2,2,3.0
169192911,1,1,5.4
169192912,1,1,340.0
169192912,2,2,160.0
169192913,1,5,20.0
169192914,1,5,50.0
169192915,1,5,100.0
169192916,1,5,10.0
169192917,1,5,6.0
169192918,1,5,2.0
169192919,1,10,50.0
169192920,1,10,100.0
169192921,1,1,4000.0
169192922,1,1,1000.0
169192923,1,1,1500.0
169192924,1,1,555.0
169192925,1,1,3333.0
169192926,1,1,111.0
169192927,1,1,333.0
169192935,1,25,1.8
169192938,1,1,28.0
169192938,2,2,17.0
169192938,3,3,9.0
169192939,1,1,56.0
169192939,2,2,34.0
169192939,3,3,18.0
169192940,1,1,112.0
169192940,2,2,68.0
169192940,3,3,36.0
169192941,1,1,280.0
169192941,2,2,170.0
169192941,3,3,90.0
169192942,1,1,135.0
169192943,1,1,135.0
169192944,1,1,3.8
169192944,2,2,1.6
169192945,1,1,3.8
169192945,2,2,1.6
169192946,1,1,19.0
169192946,2,2,8.0
169192947,1,1,38.0
169192947,2,2,16.0
169192948,1,1,76.0
169192948,2,2,32.0
169192949,1,1,190.0
169192949,2,2,80.0
169192950,1,1,400.0
169192950,2,2,200.0
169192951,1,1,2000.0
169192951,2,2,1000.0
169192958,1,1,27.0
169192959,1,1,27.0
169192961,1,1,54.0
169192962,1,1,300.0
169192963,1,1,300.0
169192964,1,1,1500.0
169192965,1,1,6000.0
169192966,1,1,3000.0
169195668,1,1,13.5
169195669,1,1,13.5
169195670,1,1,13.5
169195671,1,1,27.0
169195672,1,1,27.0
169195673,1,1,27.0
169195674,1,1,54.0
169195675,1,1,54.0
169195676,1,1,54.0
169195677,1,1,1500.0
169195678,1,1,300.0
169195679,1,1,300.0
169195680,1,1,300.0
169195681,1,1,135.0
169195682,1,1,135.0
169195683,1,1,3000.0
169195684,1,1,15000.0
169195685,1,1,450.0
169195686,1,1,450.0
169195687,1,1,30000.0
169195688,1,1,6000.0
169195689,1,1,6000.0
169195706,1,1,1500.0
169195707,1,1,3000.0
169195708,1,1,15000.0
169195709,1,1,30000.0
169195710,1,1,6000.0
169195711,1,1,6000.0
169196965,1,5,2.0
169197979,1,5,1.8
169198293,1,1,13.5
169198294,1,1,13.5
169198295,1,1,27.0
169198296,1,1,27.0
169198297,1,1,27.0
169198298,1,1,54.0
169198299,1,1,300.0
169198300,1,1,1500.0
169198302,1,1,18.0
169198303,1,1,36.0
169198304,1,1,72.0
169198305,1,1,180.0
169198306,1,1,400.0
169198307,1,1,2000.0
169198308,1,1,135.0
169198309,1,1,3000.0
169198310,1,1,6000.0
169198824,1,1,20000.0
169198824,2,2,10000.0
169198992,1,1,13000.0
169198992,2,2,8000.0
169198992,3,3,5000.0
169199014,1,1,5000.0
169199014,2,2,3000.0
169199014,3,3,2000.0
169199036,1,1,100000.0
169199036,2,2,50000.0
169199036,3,3,25000.0
169199036,4,4,15000.0
169199036,5,5,10000.0
169199036,6,6,7000.0
169199036,7,8,6000.0
169199036,9,10,5000.0
169199036,11,13,4000.0
169199036,14,18,3000.0
169199036,19,28,2500.0
169199036,29,41,2000.0
169199036,42,59,1750.0
169199036,60,100,1500.0
169199129,1,1,25000.0
169199129,2,2,10000.0
169199129,3,3,5000.0
169199129,4,4,3000.0
169199129,5,5,2000.0
169199129,6,6,1000.0
169199129,7,8,700.0
169199129,9,10,500.0
169199129,11,13,350.0
169199129,14,21,250.0
169199129,22,31,150.0
169199129,32,45,100.0
169199129,46,75,75.0
169199129,76,135,50.0
169199129,136,235,40.0
169199129,236,460,30.0
169199129,461,910,25.0
169199129,911,1710,23.0
169199207,1,1,1000.0
169199207,2,2,600.0
169199207,3,3,400.0
169199207,4,4,300.0
169199207,5,5,250.0
169199207,6,7,200.0
169199207,8,10,150.0
169199207,11,15,100.0
169199207,16,20,75.0
169199207,21,30,60.0
169199207,31,40,50.0
169199207,41,50,40.0
169199207,51,65,30.0
169199207,66,85,25.0
169199207,86,110,20.0
169199207,111,140,15.0
169199207,141,185,10.0
169199207,186,240,8.0
169199207,241,335,6.0
169199207,336,535,5.0
169199207,536,975,4.0
169199207,976,1940,3.0
169199207,1941,4105,2.0
169199207,4106,8025,1.5
169199252,1,1,20000.0
169199252,2,2,10000.0
169199252,3,3,5000.0
169199252,4,4,3000.0
169199252,5,5,2000.0
169199252,6,7,1000.0
169199252,8,11,750.0
169199252,12,17,500.0
169199252,18,25,400.0
169199252,26,35,300.0
169199252,36,55,250.0
169199252,56,90,200.0
169199252,91,170,160.0
169199252,171,310,150.0
169199276,1,1,4000.0
169199276,2,2,2000.0
169199276,3,3,1500.0
169199276,4,4,1000.0
169199276,5,5,750.0
169199276,6,6,600.0
169199276,7,8,500.0
169199276,9,10,400.0
169199276,11,12,300.0
169199276,13,14,250.0
169199276,15,16,200.0
169199276,17,21,150.0
169199276,22,26,100.0
169199276,27,31,75.0
169199276,32,36,60.0
169199276,37,46,50.0
169199276,47,56,40.0
169199276,57,71,30.0
169199276,72,86,25.0
169199276,87,111,20.0
169199276,112,166,15.0
169199276,167,326,10.0
169199276,327,701,8.0
169199276,702,1501,6.0
169199276,1502,3996,5.0
169199298,1,1,10000.0
169199298,2,2,4000.0
169199298,3,3,2300.0
169199298,4,4,1750.0
169199298,5,5,1500.0
169199298,6,6,1250.0
169199298,7,8,1000.0
169199298,9,10,800.0
169199298,11,15,600.0
169199298,16,20,500.0
169199298,21,30,450.0
169199298,31,44,400.0
169199341,1,1,5000.0
169199341,2,2,2000.0
169199341,3,3,1000.0
169199341,4,4,750.0
169199341,5,5,500.0
169199341,6,6,250.0
169199341,7,8,200.0
169199341,9,10,150.0
169199341,11,14,100.0
169199341,15,19,75.0
169199341,20,25,60.0
169199341,26,35,50.0
169199341,36,45,40.0
169199341,46,55,30.0
169199341,56,70,25.0
169199341,71,100,20.0
169199341,101,176,15.0
169199341,177,351,10.0
169199341,352,1051,8.0
169199350,1,5,1.8
169199370,1,1,40000.0
169199370,2,2,1000.0
169199370,3,3,775.0
169199626,1,1,0.0
169199966,1,1,2.7
169199997,1,1,1000.0
169200027,1,1,1000.0
169200048,1,1,3000.0
169200060,1,1,10000.0
169200061,1,1,10000.0
169200123,1,1,2000.0
169200123,2,2,1000.0
169200123,3,3,500.0
169200123,4,4,300.0
169200123,5,5,200.0
169200123,6,6,150.0
169200123,7,7,100.0
169200123,8,8,75.0
169200123,9,10,50.0
169200123,11,12,40.0
169200123,13,15,30.0
169200123,16,20,25.0
169200123,21,30,20.0
169200123,31,50,15.0
169200123,51,100,12.0
169200123,101,230,10.0
169200123,231,590,8.0
169200203,1,1,10000.0
169200203,2,2,5000.0
169200203,3,3,3000.0
169200203,4,4,2000.0
169200203,5,5,1500.0
169200203,6,7,1000.0
169200203,8,10,800.0
169200203,11,15,600.0
169200203,16,21,500.0
169200203,22,29,400.0
169200203,30,43,350.0
169200212,1,1,50000.0
169200212,2,2,15000.0
169200212,3,3,5000.0
169200212,4,4,2000.0
169200212,5,5,1000.0
169200212,6,7,500.0
169200212,8,11,300.0
169200212,12,19,200.0
169200212,20,39,150.0
169200212,40,89,100.0
169200212,90,288,50.0
169200212,289,788,40.0
169200212,789,1963,30.0
169200215,1,1,25000.0
169200215,2,2,10000.0
169200215,3,3,5000.0
169200215,4,4,3000.0
169200215,5,5,2000.0
169200215,6,6,1000.0
169200215,7,8,700.0
169200215,9,10,500.0
169200215,11,13,350.0
169200215,14,21,250.0
169200215,22,31,150.0
169200215,32,45,100.0
169200215,46,75,75.0
169200215,76,135,50.0
169200215,136,235,40.0
169200215,236,460,30.0
169200215,461,910,25.0
169200215,911,1710,23.0
169202066,1,1,2.7
169203254,1,1,30.0
169203254,2,2,15.0
169203710,1,5,2.0
169203833,1,1,5.4
169203847,1,1,2.7
169203852,1,1,8.1
169203903,1,1,3.0
169203903,2,2,1.5
169204097,1,1,0.0
169204537,1,5,2.0
169204538,1,10,1.8
169204539,1,10,1.8
169204540,1,5,1.8
169204541,1,5,1.8
169204542,1,5,1.8
169204544,1,25,1.8
169204545,1,25,1.8
169204546,1,10,1.8
169204548,1,25,1.8
169204549,1,5,3.6
169204550,1,5,3.6
169204551,1,5,3.6
169204552,1,10,3.6
169204633,1,5,2.0
169204893,1,5,1.8
169205058,1,1,6.0
169205058,2,2,3.0
169205647,1,1,27.0
169205813,1,1,2.7
169205915,1,1,0.0
169205916,1,10,1.8
169205917,1,10,1.8
169205919,1,1,0.0
169206095,1,1,13.5
169206096,1,1,13.5
169206097,1,1,13.5
169206098,1,1,27.0
169206099,1,1,27.0
169206100,1,1,27.0
169206101,1,1,54.0
169206102,1,1,54.0
169206103,1,1,54.0
169206104,1,1,1500.0
169206105,1,1,300.0
169206106,1,1,300.0
169206107,1,1,300.0
169206108,1,1,135.0
169206109,1,1,135.0
169206110,1,1,3000.0
169206111,1,1,15000.0
169206112,1,1,450.0
169206113,1,1,450.0
169206114,1,1,30000.0
169206115,1,1,6000.0
169206116,1,1,6000.0
169206424,1,1,13.5
169206425,1,1,13.5
169206427,1,1,13.5
169206428,1,1,27.0
169206429,1,1,27.0
169206430,1,1,27.0
169206431,1,1,54.0
169206432,1,1,54.0
169206433,1,1,54.0
169206434,1,1,1500.0
169206435,1,1,300.0
169206436,1,1,300.0
169206437,1,1,300.0
169206438,1,1,135.0
169206439,1,1,135.0
169206440,1,1,3000.0
169206441,1,1,15000.0
169206442,1,1,450.0
169206443,1,1,450.0
169206444,1,1,30000.0
169206445,1,1,6000.0
169206446,1,1,6000.0
169207278,1,1,2.7
169207415,1,1,3.0
169207415,2,2,1.5
169207416,1,1,0.0
169207429,1,10,1.8
169207484,1,1,2.7
169207818,1,9,3.0
169208238,1,1,36.0
169208303,1,1,14.4
169208303,2,2,10.8
169208303,3,3,7.2
169208303,4,4,3.6
169208312,1,1,5.4
169208313,1,1,10.0
169208313,2,2,5.0
169208313,3,3,3.0
169208328,1,1,2.7
169208632,1,25,1.8
169208633,1,25,1.8
169208635,1,25,1.8
169208637,1,25,1.8
169208639,1,5,1.8
169208643,1,25,1.8
169208644,1,25,1.8
169208825,1,1,5.0
169208825,2,2,2.5
169208825,3,3,1.5
169208861,1,1,31.5
169208869,1,1,5.6
169208869,2,2,3.4
169208869,3,3,1.8
169208959,1,1,6.0
169208959,2,2,3.0
169208960,1,1,5.4
169208961,1,1,5.4
169208962,1,1,5.4
169208963,1,1,2.7
169208964,1,1,2.7
169208974,1,1,5.4
169208975,1,1,5.4
169208976,1,1,5.4
169208977,1,1,2.7
169208978,1,1,2.7
169209003,1,1,5.4
169209004,1,1,5.4
169209005,1,1,5.4
169209006,1,1,2.7
169209007,1,1,2.7
169209029,1,1,5.4
169209030,1,1,5.4
169209031,1,1,5.4
169209032,1,1,2.7
169209033,1,1,2.7
169209438,1,1,0.0
169209641,1,5,1.8
169209790,1,1,0.0
169209934,1,1,13.5
169209936,1,1,0.0
169210033,1,1,54.0
169210070,1,1,20.0
169210169,1,1,2.7
169210216,1,1,0.0
169210238,1,1,31.5
169210327,1,1,54.0
169210366,1,1,50.0
169210366,2,2,25.0
169210366,3,3,15.0
169210368,1,1,25.0
169210368,2,2,12.5
169210368,3,3,7.5
169210376,1,1,13.5
169210489,1,10,3.6
169210490,1,10,3.6
169210587,1,2,200.0
169210589,1,1,18.0
169210590,1,2,90.0
169210804,1,1,60.0
169210804,2,2,30.0
169210828,1,1,8.1
169210828,2,2,4.86
169210828,3,3,3.24
169211166,1,1,2.7
169211193,1,1,20.25
169211193,2,2,16.87
169211193,3,3,13.5
169211193,4,4,10.12
169211193,5,5,6.76
169211404,1,1,5.6
169211404,2,2,3.4
169211404,3,3,1.8
169211681,1,5,9.0
169211695,1,9,3.0
169211716,1,10,3.6
169211717,1,5,20.0
169211757,1,1,270.0
169211757,2,2,225.0
169211757,3,3,180.0
169211757,4,4,135.0
169211757,5,5,90.0
169211775,1,5,3.6
169211790,1,1,0.0
169211871,1,1,2.7
169211920,1,1,0.0
169211921,1,1,54.0
169211924,1,1,3.6
169211926,1,1,0.0
169211951,1,1,3.0
169211951,2,2,1.5
169211954,1,1,3.0
169211954,2,2,1.5
169211955,1,1,3.0
169211955,2,2,1.5
169211973,1,1,0.0
169211981,1,1,2.7
169211982,1,1,2.7
169211983,1,1,2.7
169211984,1,1,2.7
169211985,1,1,5.4
169211986,1,1,5.4
169211987,1,1,5.4
169211988,1,25,1.8
169211989,1,25,1.8
169211990,1,25,1.8
169211991,1,5,3.6
169211992,1,5,3.6
169211993,1,5,3.6
169211994,1,10,3.6
169211995,1,10,3.6
169211996,1,10,3.6
169211997,1,10,1.8
169211998,1,10,1.8
169211999,1,10,1.8
169212000,1,5,1.8
169212001,1,5,1.8
169212002,1,5,1.8
169212003,1,5,6.0
169212004,1,5,2.0
169212037,1,10,3.6
169212038,1,10,3.6
169212039,1,5,3.6
169212040,1,5,3.6
169212041,1,5,3.6
169212042,1,10,1.8
169212043,1,10,1.8
169212044,1,5,1.8
169212045,1,5,1.8
169212046,1,5,1.8
169212047,1,1,5.4
169212048,1,1,5.4
169212049,1,1,5.4
169212050,1,1,2.7
169212051,1,1,2.7
169212052,1,5,6.0
169212053,1,5,2.0
169212054,1,1,0.0
169212086,1,10,3.6
169212087,1,10,3.6
169212088,1,5,3.6
169212089,1,5,3.6
169212090,1,5,3.6
169212091,1,10,1.8
169212092,1,10,1.8
169212093,1,5,1.8
169212094,1,5,1.8
169212095,1,5,1.8
169212096,1,1,5.4
169212097,1,1,5.4
169212098,1,1,5.4
169212099,1,1,2.7
169212100,1,1,2.7
169212101,1,5,6.0
169212102,1,5,2.0
169212103,1,1,0.0
169212182,1,1,0.0
169212183,1,1,0.0
169212184,1,1,306.0
169212185,1,1,0.0
169212187,1,1,0.0
169212256,1,1,22.5
169212588,1,1,6.0
169212588,2,2,3.0
169212646,1,10,1.8
169212650,1,1,2.7
169212656,1,25,1.8
169212713,1,1,40.5
169212715,1,1,2.7
169212716,1,1,2.7
169212717,1,1,2.7
169212719,1,1,15.0
169212720,1,5,6.0
169212721,1,1,2.7
169212722,1,1,2.7
169212724,1,1,2.7
169212725,1,1,2.7
169212727,1,1,5.4
169212729,1,1,2.7
169212730,1,1,2.7
169212739,1,1,2.7
169212745,1,1,2.7
