draftable_id,draft_group_id,player_id,roster_slot_id,competition_id,name,team,position_name,salary,is_disabled,is_swappable
34231560,106848,1121277,458,6017988,Luka Doncic,DAL,PG,11100.0,False,True
34231561,106848,1121277,464,6017988,Luka Doncic,DAL,PG,11100.0,False,True
34231562,106848,1121277,465,6017988,Luka Doncic,DAL,PG,11100.0,False,True
34231563,106848,1067856,458,6017988,Shai Gilgeous-Alexander,OKC,PG,10300.0,False,True
34231564,106848,1067856,464,6017988,Shai Gilgeous-Alexander,OKC,PG,10300.0,False,True
34231565,106848,1067856,465,6017988,Shai Gilgeous-Alexander,OKC,PG,10300.0,False,True
34231566,106848,887914,458,6017933,Jalen Brunson,NYK,PG,9600.0,False,True
34231567,106848,887914,464,6017933,Jalen Brunson,NYK,PG,9600.0,False,True
34231568,106848,887914,465,6017933,Jalen Brunson,NYK,PG,9600.0,False,True
34231569,106848,1132825,458,6017933,Tyrese Haliburton,IND,PG,8600.0,False,True
34231570,106848,1132825,464,6017933,Tyrese Haliburton,IND,PG,8600.0,False,True
34231571,106848,1132825,465,6017933,Tyrese Haliburton,IND,PG,8600.0,False,True
34231572,106848,551768,458,6017988,Kyrie Irving,DAL,PG/SG,8000.0,False,True
34231573,106848,551768,459,6017988,Kyrie Irving,DAL,PG/SG,8000.0,False,True
34231574,106848,551768,464,6017988,Kyrie Irving,DAL,PG/SG,8000.0,False,True
34231575,106848,551768,465,6017988,Kyrie Irving,DAL,PG/SG,8000.0,False,True
34231576,106848,741892,460,6017933,Josh Hart,NYK,SF/PF,7900.0,False,True
34231577,106848,741892,461,6017933,Josh Hart,NYK,SF/PF,7900.0,False,True
34231578,106848,741892,463,6017933,Josh Hart,NYK,SF/PF,7900.0,False,True
34231579,106848,741892,465,6017933,Josh Hart,NYK,SF/PF,7900.0,False,True
34231580,106848,1182404,458,6017988,Jalen Williams,OKC,PG/SF,7600.0,False,True
34231581,106848,1182404,460,6017988,Jalen Williams,OKC,PG/SF,7600.0,False,True
34231582,106848,1182404,464,6017988,Jalen Williams,OKC,PG/SF,7600.0,False,True
34231583,106848,1182404,463,6017988,Jalen Williams,OKC,PG/SF,7600.0,False,True
34231584,106848,1182404,465,6017988,Jalen Williams,OKC,PG/SF,7600.0,False,True
34231585,106848,853408,460,6017933,Pascal Siakam,IND,SF/PF,7400.0,False,True
34231586,106848,853408,461,6017933,Pascal Siakam,IND,SF/PF,7400.0,False,True
34231587,106848,853408,463,6017933,Pascal Siakam,IND,SF/PF,7400.0,False,True
34231588,106848,853408,465,6017933,Pascal Siakam,IND,SF/PF,7400.0,False,True
34231589,106848,887915,459,6017933,Donte DiVincenzo,NYK,SG/SF,7300.0,False,True
34231590,106848,887915,460,6017933,Donte DiVincenzo,NYK,SG/SF,7300.0,False,True
34231591,106848,887915,464,6017933,Donte DiVincenzo,NYK,SG/SF,7300.0,False,True
34231592,106848,887915,463,6017933,Donte DiVincenzo,NYK,SG/SF,7300.0,False,True
34231593,106848,887915,465,6017933,Donte DiVincenzo,NYK,SG/SF,7300.0,False,True
34231594,106848,1343009,462,6017988,Chet Holmgren,OKC,C,7000.0,False,True
34231595,106848,1343009,465,6017988,Chet Holmgren,OKC,C,7000.0,False,True
34231596,106848,1067857,461,6017988,PJ Washington,DAL,PF/C,6600.0,False,True
34231597,106848,1067857,462,6017988,PJ Washington,DAL,PF/C,6600.0,False,True
34231598,106848,1067857,463,6017988,PJ Washington,DAL,PF/C,6600.0,False,True
34231599,106848,1067857,465,6017988,PJ Washington,DAL,PF/C,6600.0,False,True
34231600,106848,843762,462,6017933,Myles Turner,IND,C,6500.0,False,True
34231601,106848,843762,465,6017933,Myles Turner,IND,C,6500.0,False,True
34231602,106848,1057004,462,6017933,Isaiah Hartenstein,NYK,C,6200.0,False,True
34231603,106848,1057004,465,6017933,Isaiah Hartenstein,NYK,C,6200.0,False,True
34231604,106848,900535,460,6017933,OG Anunoby,NYK,SF/PF,5800.0,False,True
34231605,106848,900535,461,6017933,OG Anunoby,NYK,SF/PF,5800.0,False,True
34231606,106848,900535,463,6017933,OG Anunoby,NYK,SF/PF,5800.0,False,True
34231607,106848,900535,465,6017933,OG Anunoby,NYK,SF/PF,5800.0,False,True
34231608,106848,1061647,462,6017988,Daniel Gafford,DAL,C,5200.0,False,True
34231609,106848,1061647,465,6017988,Daniel Gafford,DAL,C,5200.0,False,True
34231610,106848,551787,458,6017933,T.J. McConnell,IND,PG,5100.0,False,True
34231611,106848,551787,464,6017933,T.J. McConnell,IND,PG,5100.0,False,True
34231612,106848,551787,465,6017933,T.J. McConnell,IND,PG,5100.0,False,True
34231613,106848,1134693,460,6017988,Luguentz Dort,OKC,SF,4900.0,False,True
34231614,106848,1134693,463,6017988,Luguentz Dort,OKC,SF,4900.0,False,True
34231615,106848,1134693,465,6017988,Luguentz Dort,OKC,SF,4900.0,False,True
34231616,106848,1134264,459,6017933,Aaron Nesmith,IND,SG/SF,4800.0,False,True
34231617,106848,1134264,460,6017933,Aaron Nesmith,IND,SG/SF,4800.0,False,True
34231618,106848,1134264,464,6017933,Aaron Nesmith,IND,SG/SF,4800.0,False,True
34231619,106848,1134264,463,6017933,Aaron Nesmith,IND,SG/SF,4800.0,False,True
34231620,106848,1134264,465,6017933,Aaron Nesmith,IND,SG/SF,4800.0,False,True
34231621,106848,1134158,458,6017933,Andrew Nembhard,IND,PG/SG,4500.0,False,True
34231622,106848,1134158,459,6017933,Andrew Nembhard,IND,PG/SG,4500.0,False,True
34231623,106848,1134158,464,6017933,Andrew Nembhard,IND,PG/SG,4500.0,False,True
34231624,106848,1134158,465,6017933,Andrew Nembhard,IND,PG/SG,4500.0,False,True
34231625,106848,1401780,462,6017988,Dereck Lively II,DAL,C,4400.0,False,True
34231626,106848,1401780,465,6017988,Dereck Lively II,DAL,C,4400.0,False,True
34231627,106848,892925,460,6017988,Derrick Jones Jr.,DAL,SF/PF,4300.0,False,True
34231628,106848,892925,461,6017988,Derrick Jones Jr.,DAL,SF/PF,4300.0,False,True
34231629,106848,892925,463,6017988,Derrick Jones Jr.,DAL,SF/PF,4300.0,False,True
34231630,106848,892925,465,6017988,Derrick Jones Jr.,DAL,SF/PF,4300.0,False,True
34231631,106848,1175084,458,6017933,Miles McBride,NYK,PG/SG,4300.0,False,True
34231632,106848,1175084,459,6017933,Miles McBride,NYK,PG/SG,4300.0,False,True
34231633,106848,1175084,464,6017933,Miles McBride,NYK,PG/SG,4300.0,False,True
34231634,106848,1175084,465,6017933,Miles McBride,NYK,PG/SG,4300.0,False,True
34231635,106848,1076274,461,6017933,Obi Toppin,IND,PF/C,4200.0,False,True
34231636,106848,1076274,462,6017933,Obi Toppin,IND,PF/C,4200.0,False,True
34231637,106848,1076274,463,6017933,Obi Toppin,IND,PF/C,4200.0,False,True
34231638,106848,1076274,465,6017933,Obi Toppin,IND,PF/C,4200.0,False,True
34231639,106848,512995,458,6017933,Alec Burks,NYK,PG/SG,4100.0,False,True
34231640,106848,512995,459,6017933,Alec Burks,NYK,PG/SG,4100.0,False,True
34231641,106848,512995,464,6017933,Alec Burks,NYK,PG/SG,4100.0,False,True
34231642,106848,512995,465,6017933,Alec Burks,NYK,PG/SG,4100.0,False,True
34231643,106848,1175124,461,6017933,Precious Achiuwa,NYK,PF/C,4000.0,False,True
34231644,106848,1175124,462,6017933,Precious Achiuwa,NYK,PF/C,4000.0,False,True
34231645,106848,1175124,463,6017933,Precious Achiuwa,NYK,PF/C,4000.0,False,True
34231646,106848,1175124,465,6017933,Precious Achiuwa,NYK,PF/C,4000.0,False,True
34231647,106848,1323503,458,6017988,Josh Giddey,OKC,PG/SG,3900.0,False,True
34231648,106848,1323503,459,6017988,Josh Giddey,OKC,PG/SG,3900.0,False,True
34231649,106848,1323503,464,6017988,Josh Giddey,OKC,PG/SG,3900.0,False,True
34231650,106848,1323503,465,6017988,Josh Giddey,OKC,PG/SG,3900.0,False,True
34231651,106848,1133788,460,6017988,Aaron Wiggins,OKC,SF,3700.0,False,True
34231652,106848,1133788,463,6017988,Aaron Wiggins,OKC,SF,3700.0,False,True
34231653,106848,1133788,465,6017988,Aaron Wiggins,OKC,SF,3700.0,False,True
34231654,106848,551771,459,6017988,Tim Hardaway Jr.,DAL,SG/SF,3400.0,False,True
34231655,106848,551771,460,6017988,Tim Hardaway Jr.,DAL,SG/SF,3400.0,False,True
34231656,106848,551771,464,6017988,Tim Hardaway Jr.,DAL,SG/SF,3400.0,False,True
34231657,106848,551771,463,6017988,Tim Hardaway Jr.,DAL,SG/SF,3400.0,False,True
34231658,106848,551771,465,6017988,Tim Hardaway Jr.,DAL,SG/SF,3400.0,False,True
34231659,106848,1134010,459,6017988,Isaiah Joe,OKC,SG/SF,3300.0,False,True
34231660,106848,1134010,460,6017988,Isaiah Joe,OKC,SG/SF,3300.0,False,True
34231661,106848,1134010,464,6017988,Isaiah Joe,OKC,SG/SF,3300.0,False,True
34231662,106848,1134010,463,6017988,Isaiah Joe,OKC,SG/SF,3300.0,False,True
34231663,106848,1134010,465,6017988,Isaiah Joe,OKC,SG/SF,3300.0,False,True
34231664,106848,1175324,458,6017933,Ben Sheppard,IND,PG/SG,3200.0,False,True
34231665,106848,1175324,459,6017933,Ben Sheppard,IND,PG/SG,3200.0,False,True
34231666,106848,1175324,464,6017933,Ben Sheppard,IND,PG/SG,3200.0,False,True
34231667,106848,1175324,465,6017933,Ben Sheppard,IND,PG/SG,3200.0,False,True
34231668,106848,1408195,458,6017988,Cason Wallace,OKC,PG/SG,3200.0,False,True
34231669,106848,1408195,459,6017988,Cason Wallace,OKC,PG/SG,3200.0,False,True
34231670,106848,1408195,464,6017988,Cason Wallace,OKC,PG/SG,3200.0,False,True
34231671,106848,1408195,465,6017988,Cason Wallace,OKC,PG/SG,3200.0,False,True
34231672,106848,1193670,460,6017988,Josh Green,DAL,SF/PF,3200.0,False,True
34231673,106848,1193670,461,6017988,Josh Green,DAL,SF/PF,3200.0,False,True
34231674,106848,1193670,463,6017988,Josh Green,DAL,SF/PF,3200.0,False,True
34231675,106848,1193670,465,6017988,Josh Green,DAL,SF/PF,3200.0,False,True
34231676,106848,1072048,461,6017988,Maxi Kleber,DAL,PF/C,3200.0,False,True
34231677,106848,1072048,462,6017988,Maxi Kleber,DAL,PF/C,3200.0,False,True
34231678,106848,1072048,463,6017988,Maxi Kleber,DAL,PF/C,3200.0,False,True
34231679,106848,1072048,465,6017988,Maxi Kleber,DAL,PF/C,3200.0,False,True
34231680,106848,1357748,458,6017988,Jaden Hardy,DAL,PG/SG,3100.0,False,True
34231681,106848,1357748,459,6017988,Jaden Hardy,DAL,PG/SG,3100.0,False,True
34231682,106848,1357748,464,6017988,Jaden Hardy,DAL,PG/SG,3100.0,False,True
34231683,106848,1357748,465,6017988,Jaden Hardy,DAL,PG/SG,3100.0,False,True
34231684,106848,1245934,462,6017933,Isaiah Jackson,IND,C,3100.0,False,True
34231685,106848,1245934,465,6017933,Isaiah Jackson,IND,C,3100.0,False,True
34231686,106848,1231367,462,6017988,Jaylin Williams,OKC,C,3100.0,False,True
34231687,106848,1231367,465,6017988,Jaylin Williams,OKC,C,3100.0,False,True
34231688,106848,469085,461,6017988,Markieff Morris,DAL,PF/C,3000.0,False,True
34231689,106848,469085,462,6017988,Markieff Morris,DAL,PF/C,3000.0,False,True
34231690,106848,469085,463,6017988,Markieff Morris,DAL,PF/C,3000.0,False,True
34231691,106848,469085,465,6017988,Markieff Morris,DAL,PF/C,3000.0,False,True
34231692,106848,552309,462,6017988,Dwight Powell,DAL,C,3000.0,False,True
34231693,106848,552309,465,6017988,Dwight Powell,DAL,C,3000.0,False,True
34231694,106848,1137214,459,6017988,AJ Lawson,DAL,SG/SF,3000.0,False,True
34231695,106848,1137214,460,6017988,AJ Lawson,DAL,SG/SF,3000.0,False,True
34231696,106848,1137214,464,6017988,AJ Lawson,DAL,SG/SF,3000.0,False,True
34231697,106848,1137214,463,6017988,AJ Lawson,DAL,SG/SF,3000.0,False,True
34231698,106848,1137214,465,6017988,AJ Lawson,DAL,SG/SF,3000.0,False,True
34231699,106848,1326854,460,6017988,Alex Fudge,DAL,SF,3000.0,False,True
34231700,106848,1326854,463,6017988,Alex Fudge,DAL,SF,3000.0,False,True
34231701,106848,1326854,465,6017988,Alex Fudge,DAL,SF,3000.0,False,True
34231702,106848,1134688,458,6017988,Brandon Williams,DAL,PG,3000.0,False,True
34231703,106848,1134688,464,6017988,Brandon Williams,DAL,PG,3000.0,False,True
34231704,106848,1134688,465,6017988,Brandon Williams,DAL,PG,3000.0,False,True
34231705,106848,830636,458,6017988,Dante Exum,DAL,PG/SG,3000.0,False,True
34231706,106848,830636,459,6017988,Dante Exum,DAL,PG/SG,3000.0,False,True
34231707,106848,830636,464,6017988,Dante Exum,DAL,PG/SG,3000.0,False,True
34231708,106848,830636,465,6017988,Dante Exum,DAL,PG/SG,3000.0,False,True
34231709,106848,1232483,460,6017988,Olivier-Maxence Prosper,DAL,SF/PF,3000.0,False,True
34231710,106848,1232483,461,6017988,Olivier-Maxence Prosper,DAL,SF/PF,3000.0,False,True
34231711,106848,1232483,463,6017988,Olivier-Maxence Prosper,DAL,SF/PF,3000.0,False,True
34231712,106848,1232483,465,6017988,Olivier-Maxence Prosper,DAL,SF/PF,3000.0,False,True
34231713,106848,1243740,460,6017988,Greg Brown,DAL,SF,3000.0,False,True
34231714,106848,1243740,463,6017988,Greg Brown,DAL,SF,3000.0,False,True
34231715,106848,1243740,465,6017988,Greg Brown,DAL,SF,3000.0,False,True
34231716,106848,1402709,460,6017933,Jarace Walker,IND,SF/PF,3000.0,False,True
34231717,106848,1402709,461,6017933,Jarace Walker,IND,SF/PF,3000.0,False,True
34231718,106848,1402709,463,6017933,Jarace Walker,IND,SF/PF,3000.0,False,True
34231719,106848,1402709,465,6017933,Jarace Walker,IND,SF/PF,3000.0,False,True
34231720,106848,1342729,459,6017933,Kendall Brown,IND,SG/SF,3000.0,False,True
34231721,106848,1342729,460,6017933,Kendall Brown,IND,SG/SF,3000.0,False,True
34231722,106848,1342729,464,6017933,Kendall Brown,IND,SG/SF,3000.0,False,True
34231723,106848,1342729,463,6017933,Kendall Brown,IND,SG/SF,3000.0,False,True
34231724,106848,1342729,465,6017933,Kendall Brown,IND,SG/SF,3000.0,False,True
34231725,106848,554804,460,6017933,Doug McDermott,IND,SF,3000.0,False,True
34231726,106848,554804,463,6017933,Doug McDermott,IND,SF,3000.0,False,True
34231727,106848,554804,465,6017933,Doug McDermott,IND,SF,3000.0,False,True
34231728,106848,398037,461,6017933,James Johnson,IND,PF,3000.0,False,True
34231729,106848,398037,463,6017933,James Johnson,IND,PF,3000.0,False,True
34231730,106848,398037,465,6017933,James Johnson,IND,PF,3000.0,False,True
34231731,106848,1133792,461,6017933,Jalen Smith,IND,PF/C,3000.0,False,True
34231732,106848,1133792,462,6017933,Jalen Smith,IND,PF/C,3000.0,False,True
34231733,106848,1133792,463,6017933,Jalen Smith,IND,PF/C,3000.0,False,True
34231734,106848,1133792,465,6017933,Jalen Smith,IND,PF/C,3000.0,False,True
34231735,106848,1239596,459,6017933,Bennedict Mathurin,IND,SG/SF,3000.0,False,True
34231736,106848,1239596,460,6017933,Bennedict Mathurin,IND,SG/SF,3000.0,False,True
34231737,106848,1239596,464,6017933,Bennedict Mathurin,IND,SG/SF,3000.0,False,True
34231738,106848,1239596,463,6017933,Bennedict Mathurin,IND,SG/SF,3000.0,False,True
34231739,106848,1239596,465,6017933,Bennedict Mathurin,IND,SG/SF,3000.0,False,True
34231740,106848,1136581,458,6017988,Adam Flagler,OKC,PG,3000.0,False,True
34231741,106848,1136581,464,6017988,Adam Flagler,OKC,PG,3000.0,False,True
34231742,106848,1136581,465,6017988,Adam Flagler,OKC,PG,3000.0,False,True
34231743,106848,843742,461,6017988,Kenrich Williams,OKC,PF/C,3000.0,False,True
34231744,106848,843742,462,6017988,Kenrich Williams,OKC,PF/C,3000.0,False,True
34231745,106848,843742,463,6017988,Kenrich Williams,OKC,PF/C,3000.0,False,True
34231746,106848,843742,465,6017988,Kenrich Williams,OKC,PF/C,3000.0,False,True
34231747,106848,1375876,461,6017988,Ousmane Dieng,OKC,PF,3000.0,False,True
34231748,106848,1375876,463,6017988,Ousmane Dieng,OKC,PF,3000.0,False,True
34231749,106848,1375876,465,6017988,Ousmane Dieng,OKC,PF,3000.0,False,True
34231750,106848,944248,459,6017988,Lindy Waters III,OKC,SG,3000.0,False,True
34231751,106848,944248,464,6017988,Lindy Waters III,OKC,SG,3000.0,False,True
34231752,106848,944248,465,6017988,Lindy Waters III,OKC,SG,3000.0,False,True
34231753,106848,520388,462,6017988,Mike Muscala,OKC,C,3000.0,False,True
34231754,106848,520388,465,6017988,Mike Muscala,OKC,C,3000.0,False,True
34231755,106848,599797,462,6017988,Bismack Biyombo,OKC,C,3000.0,False,True
34231756,106848,599797,465,6017988,Bismack Biyombo,OKC,C,3000.0,False,True
34231757,106848,477667,460,6017988,Gordon Hayward,OKC,SF/PF,3000.0,False,True
34231758,106848,477667,461,6017988,Gordon Hayward,OKC,SF/PF,3000.0,False,True
34231759,106848,477667,463,6017988,Gordon Hayward,OKC,SF/PF,3000.0,False,True
34231760,106848,477667,465,6017988,Gordon Hayward,OKC,SF/PF,3000.0,False,True
34231761,106848,896184,459,6017933,DaQuan Jeffries,NYK,SG/SF,3000.0,False,True
34231762,106848,896184,460,6017933,DaQuan Jeffries,NYK,SG/SF,3000.0,False,True
34231763,106848,896184,464,6017933,DaQuan Jeffries,NYK,SG/SF,3000.0,False,True
34231764,106848,896184,463,6017933,DaQuan Jeffries,NYK,SG/SF,3000.0,False,True
34231765,106848,896184,465,6017933,DaQuan Jeffries,NYK,SG/SF,3000.0,False,True
34231766,106848,899858,461,6017933,Mamadi Diakite,NYK,PF/C,3000.0,False,True
34231767,106848,899858,462,6017933,Mamadi Diakite,NYK,PF/C,3000.0,False,True
34231768,106848,899858,463,6017933,Mamadi Diakite,NYK,PF/C,3000.0,False,True
34231769,106848,899858,465,6017933,Mamadi Diakite,NYK,PF/C,3000.0,False,True
34231770,106848,879492,458,6017933,Shake Milton,NYK,PG,3000.0,False,True
34231771,106848,879492,464,6017933,Shake Milton,NYK,PG,3000.0,False,True
34231772,106848,879492,465,6017933,Shake Milton,NYK,PG,3000.0,False,True
34231773,106848,1071933,462,6017933,Jericho Sims,NYK,C,3000.0,False,True
34231774,106848,1071933,465,6017933,Jericho Sims,NYK,C,3000.0,False,True
34231775,106848,1076265,462,6017933,Mitchell Robinson,NYK,C,3000.0,False,True
34231776,106848,1076265,465,6017933,Mitchell Robinson,NYK,C,3000.0,False,True
34231777,106848,599812,460,6017933,Bojan Bogdanovic,NYK,SF,3000.0,False,True
34231778,106848,599812,463,6017933,Bojan Bogdanovic,NYK,SF,3000.0,False,True
34231779,106848,599812,465,6017933,Bojan Bogdanovic,NYK,SF,3000.0,False,True
34231780,106848,786412,461,6017933,Julius Randle,NYK,PF/C,3000.0,False,True
34231781,106848,786412,462,6017933,Julius Randle,NYK,PF/C,3000.0,False,True
34231782,106848,786412,463,6017933,Julius Randle,NYK,PF/C,3000.0,False,True
34231783,106848,786412,465,6017933,Julius Randle,NYK,PF/C,3000.0,False,True
34231787,106850,887914,465,6017933,Jalen Brunson,NYK,PG,,False,False
34231788,106850,887914,636,6017933,Jalen Brunson,NYK,PG,,False,False
34231789,106850,1132825,465,6017933,Tyrese Haliburton,IND,PG,,False,False
34231790,106850,1132825,636,6017933,Tyrese Haliburton,IND,PG,,False,False
34231791,106850,741892,465,6017933,Josh Hart,NYK,SF,,False,False
34231792,106850,741892,636,6017933,Josh Hart,NYK,SF,,False,False
34231793,106850,853408,465,6017933,Pascal Siakam,IND,PF,,False,False
34231794,106850,853408,636,6017933,Pascal Siakam,IND,PF,,False,False
34231795,106850,887915,465,6017933,Donte DiVincenzo,NYK,SG,,False,False
34231796,106850,887915,636,6017933,Donte DiVincenzo,NYK,SG,,False,False
34231797,106850,843762,465,6017933,Myles Turner,IND,C,,False,False
34231798,106850,843762,636,6017933,Myles Turner,IND,C,,False,False
34231799,106850,1057004,465,6017933,Isaiah Hartenstein,NYK,C,,False,False
34231800,106850,1057004,636,6017933,Isaiah Hartenstein,NYK,C,,False,False
34231801,106850,900535,465,6017933,OG Anunoby,NYK,PF,,False,False
34231802,106850,900535,636,6017933,OG Anunoby,NYK,PF,,False,False
34231803,106850,551787,465,6017933,T.J. McConnell,IND,PG,,False,False
34231804,106850,551787,636,6017933,T.J. McConnell,IND,PG,,False,False
34231805,106850,1134264,465,6017933,Aaron Nesmith,IND,SF,,False,False
34231806,106850,1134264,636,6017933,Aaron Nesmith,IND,SF,,False,False
34231807,106850,1134158,465,6017933,Andrew Nembhard,IND,SG,,False,False
34231808,106850,1134158,636,6017933,Andrew Nembhard,IND,SG,,False,False
34231809,106850,1175084,465,6017933,Miles McBride,NYK,SG,,False,False
34231810,106850,1175084,636,6017933,Miles McBride,NYK,SG,,False,False
34231811,106850,1076274,465,6017933,Obi Toppin,IND,PF,,False,False
34231812,106850,1076274,636,6017933,Obi Toppin,IND,PF,,False,False
34231813,106850,512995,465,6017933,Alec Burks,NYK,SG,,False,False
34231814,106850,512995,636,6017933,Alec Burks,NYK,SG,,False,False
34231815,106850,1175124,465,6017933,Precious Achiuwa,NYK,C,,False,False
34231816,106850,1175124,636,6017933,Precious Achiuwa,NYK,C,,False,False
34231817,106850,1175324,465,6017933,Ben Sheppard,IND,SG,,False,False
34231818,106850,1175324,636,6017933,Ben Sheppard,IND,SG,,False,False
34231819,106850,1245934,465,6017933,Isaiah Jackson,IND,C,,False,False
34231820,106850,1245934,636,6017933,Isaiah Jackson,IND,C,,False,False
34231821,106850,1402709,465,6017933,Jarace Walker,IND,PF,,False,False
34231822,106850,1402709,636,6017933,Jarace Walker,IND,PF,,False,False
34231823,106850,1342729,465,6017933,Kendall Brown,IND,SG,,False,False
34231824,106850,1342729,636,6017933,Kendall Brown,IND,SG,,False,False
34231825,106850,1133792,465,6017933,Jalen Smith,IND,C,,False,False
34231826,106850,1133792,636,6017933,Jalen Smith,IND,C,,False,False
34231827,106850,1071933,465,6017933,Jericho Sims,NYK,C,,False,False
34231828,106850,1071933,636,6017933,Jericho Sims,NYK,C,,False,False
34231829,106850,786412,465,6017933,Julius Randle,NYK,PF,,False,False
34231830,106850,786412,636,6017933,Julius Randle,NYK,PF,,False,False
34231831,106850,1076265,465,6017933,Mitchell Robinson,NYK,C,,False,False
34231832,106850,1076265,636,6017933,Mitchell Robinson,NYK,C,,False,False
34231833,106850,1239596,465,6017933,Bennedict Mathurin,IND,SF,,False,False
34231834,106850,1239596,636,6017933,Bennedict Mathurin,IND,SF,,False,False
34231835,106850,398037,465,6017933,James Johnson,IND,PF,,False,False
34231836,106850,398037,636,6017933,James Johnson,IND,PF,,False,False
34231837,106850,599812,465,6017933,Bojan Bogdanovic,NYK,SF,,False,False
34231838,106850,599812,636,6017933,Bojan Bogdanovic,NYK,SF,,False,False
34231839,106850,554804,465,6017933,Doug McDermott,IND,SF,,False,False
34231840,106850,554804,636,6017933,Doug McDermott,IND,SF,,False,False
34231841,106850,896184,465,6017933,DaQuan Jeffries,NYK,SG,,False,False
34231842,106850,896184,636,6017933,DaQuan Jeffries,NYK,SG,,False,False
34231843,106850,899858,465,6017933,Mamadi Diakite,NYK,PF,,False,False
34231844,106850,899858,636,6017933,Mamadi Diakite,NYK,PF,,False,False
34231845,106850,879492,465,6017933,Shake Milton,NYK,PG,,False,False
34231846,106850,879492,636,6017933,Shake Milton,NYK,PG,,False,False
34231847,106851,887914,672,6017933,Jalen Brunson,NYK,PG,16000.0,False,True
34231848,106851,1132825,672,6017933,Tyrese Haliburton,IND,PG,16000.0,False,True
34231849,106851,741892,672,6017933,Josh Hart,NYK,SF,16000.0,False,True
34231850,106851,853408,672,6017933,Pascal Siakam,IND,PF,16000.0,False,True
34231851,106851,887915,672,6017933,Donte DiVincenzo,NYK,SG,16000.0,False,True
34231852,106851,843762,672,6017933,Myles Turner,IND,C,16000.0,False,True
34231853,106851,1057004,672,6017933,Isaiah Hartenstein,NYK,C,16000.0,False,True
34231854,106851,900535,672,6017933,OG Anunoby,NYK,PF,16000.0,False,True
34231855,106851,551787,672,6017933,T.J. McConnell,IND,PG,16000.0,False,True
34231856,106851,1134264,672,6017933,Aaron Nesmith,IND,SF,16000.0,False,True
34231857,106851,1134158,672,6017933,Andrew Nembhard,IND,SG,16000.0,False,True
34231858,106851,1175084,672,6017933,Miles McBride,NYK,SG,16000.0,False,True
34231859,106851,1076274,672,6017933,Obi Toppin,IND,PF,16000.0,False,True
34231860,106851,512995,672,6017933,Alec Burks,NYK,SG,16000.0,False,True
34231861,106851,1175124,672,6017933,Precious Achiuwa,NYK,C,16000.0,False,True
34231862,106851,1175324,672,6017933,Ben Sheppard,IND,SG,16000.0,False,True
34231863,106851,1245934,672,6017933,Isaiah Jackson,IND,C,16000.0,False,True
34231864,106851,1402709,672,6017933,Jarace Walker,IND,PF,16000.0,False,True
34231865,106851,1342729,672,6017933,Kendall Brown,IND,SG,16000.0,False,True
34231866,106851,1133792,672,6017933,Jalen Smith,IND,C,16000.0,False,True
34231867,106851,1071933,672,6017933,Jericho Sims,NYK,C,16000.0,False,True
34231868,106851,786412,672,6017933,Julius Randle,NYK,PF,16000.0,False,True
34231869,106851,1076265,672,6017933,Mitchell Robinson,NYK,C,16000.0,False,True
34231870,106851,1239596,672,6017933,Bennedict Mathurin,IND,SF,16000.0,False,True
34231871,106851,398037,672,6017933,James Johnson,IND,PF,16000.0,False,True
34231872,106851,599812,672,6017933,Bojan Bogdanovic,NYK,SF,16000.0,False,True
34231873,106851,554804,672,6017933,Doug McDermott,IND,SF,16000.0,False,True
34231874,106851,896184,672,6017933,DaQuan Jeffries,NYK,SG,16000.0,False,True
34231875,106851,899858,672,6017933,Mamadi Diakite,NYK,PF,16000.0,False,True
34231876,106851,879492,672,6017933,Shake Milton,NYK,PG,16000.0,False,True
34231877,106849,887914,475,6017933,Jalen Brunson,NYK,PG,11000.0,False,True
34231878,106849,1132825,475,6017933,Tyrese Haliburton,IND,PG,10000.0,False,True
34231879,106849,741892,475,6017933,Josh Hart,NYK,SF/PF,9200.0,False,True
34231880,106849,853408,475,6017933,Pascal Siakam,IND,SF/PF,8600.0,False,True
34231881,106849,887915,475,6017933,Donte DiVincenzo,NYK,SG/SF,8200.0,False,True
34231882,106849,843762,475,6017933,Myles Turner,IND,C,7600.0,False,True
34231883,106849,1057004,475,6017933,Isaiah Hartenstein,NYK,C,7200.0,False,True
34231884,106849,900535,475,6017933,OG Anunoby,NYK,SF/PF,6800.0,False,True
34231885,106849,551787,475,6017933,T.J. McConnell,IND,PG,6000.0,False,True
34231886,106849,1134264,475,6017933,Aaron Nesmith,IND,SG/SF,5600.0,False,True
34231887,106849,1134158,475,6017933,Andrew Nembhard,IND,PG/SG,5200.0,False,True
34231888,106849,1175084,475,6017933,Miles McBride,NYK,PG/SG,4800.0,False,True
34231889,106849,1076274,475,6017933,Obi Toppin,IND,PF/C,4200.0,False,True
34231890,106849,512995,475,6017933,Alec Burks,NYK,PG/SG,4400.0,False,True
34231891,106849,1175124,475,6017933,Precious Achiuwa,NYK,PF/C,3800.0,False,True
34231892,106849,1175324,475,6017933,Ben Sheppard,IND,PG/SG,2800.0,False,True
34231893,106849,1245934,475,6017933,Isaiah Jackson,IND,C,2400.0,False,True
34231894,106849,786412,475,6017933,Julius Randle,NYK,PF/C,2000.0,False,True
34231895,106849,1239596,475,6017933,Bennedict Mathurin,IND,SG/SF,2000.0,False,True
34231896,106849,1076265,475,6017933,Mitchell Robinson,NYK,C,2000.0,False,True
34231897,106849,879492,475,6017933,Shake Milton,NYK,PG,2000.0,False,True
34231898,106849,1071933,475,6017933,Jericho Sims,NYK,C,2000.0,False,True
34231899,106849,1133792,475,6017933,Jalen Smith,IND,PF/C,2000.0,False,True
34231900,106849,896184,475,6017933,DaQuan Jeffries,NYK,SG/SF,2000.0,False,True
34231901,106849,899858,475,6017933,Mamadi Diakite,NYK,PF/C,2000.0,False,True
34231902,106849,398037,475,6017933,James Johnson,IND,PF,2000.0,False,True
34231903,106849,599812,475,6017933,Bojan Bogdanovic,NYK,SF,2000.0,False,True
34231904,106849,1342729,475,6017933,Kendall Brown,IND,SG/SF,2000.0,False,True
34231905,106849,554804,475,6017933,Doug McDermott,IND,SF,2000.0,False,True
34231906,106849,1402709,475,6017933,Jarace Walker,IND,SF/PF,2000.0,False,True
34231907,106849,887914,476,6017933,Jalen Brunson,NYK,PG,16500.0,False,True
34231908,106849,1132825,476,6017933,Tyrese Haliburton,IND,PG,15000.0,False,True
34231909,106849,741892,476,6017933,Josh Hart,NYK,SF/PF,13800.0,False,True
34231910,106849,853408,476,6017933,Pascal Siakam,IND,SF/PF,12900.0,False,True
34231911,106849,887915,476,6017933,Donte DiVincenzo,NYK,SG/SF,12300.0,False,True
34231912,106849,843762,476,6017933,Myles Turner,IND,C,11400.0,False,True
34231913,106849,1057004,476,6017933,Isaiah Hartenstein,NYK,C,10800.0,False,True
34231914,106849,900535,476,6017933,OG Anunoby,NYK,SF/PF,10200.0,False,True
34231915,106849,551787,476,6017933,T.J. McConnell,IND,PG,9000.0,False,True
34231916,106849,1134264,476,6017933,Aaron Nesmith,IND,SG/SF,8400.0,False,True
34231917,106849,1134158,476,6017933,Andrew Nembhard,IND,PG/SG,7800.0,False,True
34231918,106849,1175084,476,6017933,Miles McBride,NYK,PG/SG,7200.0,False,True
34231919,106849,1076274,476,6017933,Obi Toppin,IND,PF/C,6300.0,False,True
34231920,106849,512995,476,6017933,Alec Burks,NYK,PG/SG,6600.0,False,True
34231921,106849,1175124,476,6017933,Precious Achiuwa,NYK,PF/C,5700.0,False,True
34231922,106849,1175324,476,6017933,Ben Sheppard,IND,PG/SG,4200.0,False,True
34231923,106849,1245934,476,6017933,Isaiah Jackson,IND,C,3600.0,False,True
34231924,106849,786412,476,6017933,Julius Randle,NYK,PF/C,3000.0,False,True
34231925,106849,1239596,476,6017933,Bennedict Mathurin,IND,SG/SF,3000.0,False,True
34231926,106849,1076265,476,6017933,Mitchell Robinson,NYK,C,3000.0,False,True
34231927,106849,879492,476,6017933,Shake Milton,NYK,PG,3000.0,False,True
34231928,106849,1071933,476,6017933,Jericho Sims,NYK,C,3000.0,False,True
34231929,106849,1133792,476,6017933,Jalen Smith,IND,PF/C,3000.0,False,True
34231930,106849,896184,476,6017933,DaQuan Jeffries,NYK,SG/SF,3000.0,False,True
34231931,106849,899858,476,6017933,Mamadi Diakite,NYK,PF/C,3000.0,False,True
34231932,106849,398037,476,6017933,James Johnson,IND,PF,3000.0,False,True
34231933,106849,599812,476,6017933,Bojan Bogdanovic,NYK,SF,3000.0,False,True
34231934,106849,1342729,476,6017933,Kendall Brown,IND,SG/SF,3000.0,False,True
34231935,106849,554804,476,6017933,Doug McDermott,IND,SF,3000.0,False,True
34231936,106849,1402709,476,6017933,Jarace Walker,IND,SF/PF,3000.0,False,True
34231939,106852,887914,570,6017934,Jalen Brunson,NYK,PG,11000.0,False,True
34231940,106852,1132825,570,6017934,Tyrese Haliburton,IND,PG,10000.0,False,True
34231941,106852,741892,570,6017934,Josh Hart,NYK,SF/PF,9200.0,False,True
34231942,106852,853408,570,6017934,Pascal Siakam,IND,SF/PF,8600.0,False,True
34231943,106852,887915,570,6017934,Donte DiVincenzo,NYK,SG/SF,8200.0,False,True
34231944,106852,843762,570,6017934,Myles Turner,IND,C,7600.0,False,True
34231945,106852,1057004,570,6017934,Isaiah Hartenstein,NYK,C,7200.0,False,True
34231946,106852,900535,570,6017934,OG Anunoby,NYK,SF/PF,6800.0,False,True
34231947,106852,551787,570,6017934,T.J. McConnell,IND,PG,6000.0,False,True
34231948,106852,1134264,570,6017934,Aaron Nesmith,IND,SG/SF,5600.0,False,True
34231949,106852,1134158,570,6017934,Andrew Nembhard,IND,PG/SG,5200.0,False,True
34231950,106852,1175084,570,6017934,Miles McBride,NYK,PG/SG,4800.0,False,True
34231951,106852,1076274,570,6017934,Obi Toppin,IND,PF/C,4200.0,False,True
34231952,106852,512995,570,6017934,Alec Burks,NYK,PG/SG,4400.0,False,True
34231953,106852,1175124,570,6017934,Precious Achiuwa,NYK,PF/C,3800.0,False,True
34231954,106852,1175324,570,6017934,Ben Sheppard,IND,PG/SG,2800.0,False,True
34231955,106852,1245934,570,6017934,Isaiah Jackson,IND,C,2400.0,False,True
34231956,106852,786412,570,6017934,Julius Randle,NYK,PF/C,2000.0,False,True
34231957,106852,1239596,570,6017934,Bennedict Mathurin,IND,SG/SF,2000.0,False,True
34231958,106852,1076265,570,6017934,Mitchell Robinson,NYK,C,2000.0,False,True
34231959,106852,879492,570,6017934,Shake Milton,NYK,PG,2000.0,False,True
34231960,106852,1071933,570,6017934,Jericho Sims,NYK,C,2000.0,False,True
34231961,106852,1133792,570,6017934,Jalen Smith,IND,PF/C,2000.0,False,True
34231962,106852,896184,570,6017934,DaQuan Jeffries,NYK,SG/SF,2000.0,False,True
34231963,106852,899858,570,6017934,Mamadi Diakite,NYK,PF/C,2000.0,False,True
34231964,106852,398037,570,6017934,James Johnson,IND,PF,2000.0,False,True
34231965,106852,599812,570,6017934,Bojan Bogdanovic,NYK,SF,2000.0,False,True
34231966,106852,1342729,570,6017934,Kendall Brown,IND,SG/SF,2000.0,False,True
34231967,106852,554804,570,6017934,Doug McDermott,IND,SF,2000.0,False,True
34231968,106852,1402709,570,6017934,Jarace Walker,IND,SF/PF,2000.0,False,True
34231969,106852,887914,569,6017934,Jalen Brunson,NYK,PG,16500.0,False,True
34231970,106852,1132825,569,6017934,Tyrese Haliburton,IND,PG,15000.0,False,True
34231971,106852,741892,569,6017934,Josh Hart,NYK,SF/PF,13800.0,False,True
34231972,106852,853408,569,6017934,Pascal Siakam,IND,SF/PF,12900.0,False,True
34231973,106852,887915,569,6017934,Donte DiVincenzo,NYK,SG/SF,12300.0,False,True
34231974,106852,843762,569,6017934,Myles Turner,IND,C,11400.0,False,True
34231975,106852,1057004,569,6017934,Isaiah Hartenstein,NYK,C,10800.0,False,True
34231976,106852,900535,569,6017934,OG Anunoby,NYK,SF/PF,10200.0,False,True
34231977,106852,551787,569,6017934,T.J. McConnell,IND,PG,9000.0,False,True
34231978,106852,1134264,569,6017934,Aaron Nesmith,IND,SG/SF,8400.0,False,True
34231979,106852,1134158,569,6017934,Andrew Nembhard,IND,PG/SG,7800.0,False,True
34231980,106852,1175084,569,6017934,Miles McBride,NYK,PG/SG,7200.0,False,True
34231981,106852,1076274,569,6017934,Obi Toppin,IND,PF/C,6300.0,False,True
34231982,106852,512995,569,6017934,Alec Burks,NYK,PG/SG,6600.0,False,True
34231983,106852,1175124,569,6017934,Precious Achiuwa,NYK,PF/C,5700.0,False,True
34231984,106852,1175324,569,6017934,Ben Sheppard,IND,PG/SG,4200.0,False,True
34231985,106852,1245934,569,6017934,Isaiah Jackson,IND,C,3600.0,False,True
34231986,106852,786412,569,6017934,Julius Randle,NYK,PF/C,3000.0,False,True
34231987,106852,1239596,569,6017934,Bennedict Mathurin,IND,SG/SF,3000.0,False,True
34231988,106852,1076265,569,6017934,Mitchell Robinson,NYK,C,3000.0,False,True
34231989,106852,879492,569,6017934,Shake Milton,NYK,PG,3000.0,False,True
34231990,106852,1071933,569,6017934,Jericho Sims,NYK,C,3000.0,False,True
34231991,106852,1133792,569,6017934,Jalen Smith,IND,PF/C,3000.0,False,True
34231992,106852,896184,569,6017934,DaQuan Jeffries,NYK,SG/SF,3000.0,False,True
34231993,106852,899858,569,6017934,Mamadi Diakite,NYK,PF/C,3000.0,False,True
34231994,106852,398037,569,6017934,James Johnson,IND,PF,3000.0,False,True
34231995,106852,599812,569,6017934,Bojan Bogdanovic,NYK,SF,3000.0,False,True
34231996,106852,1342729,569,6017934,Kendall Brown,IND,SG/SF,3000.0,False,True
34231997,106852,554804,569,6017934,Doug McDermott,IND,SF,3000.0,False,True
34231998,106852,1402709,569,6017934,Jarace Walker,IND,SF/PF,3000.0,False,True
34232000,106853,887914,572,6017938,Jalen Brunson,NYK,PG,11000.0,False,True
34232001,106853,1132825,572,6017938,Tyrese Haliburton,IND,PG,10000.0,False,True
34232002,106853,741892,572,6017938,Josh Hart,NYK,SF/PF,9200.0,False,True
34232003,106853,853408,572,6017938,Pascal Siakam,IND,SF/PF,8600.0,False,True
34232004,106853,887915,572,6017938,Donte DiVincenzo,NYK,SG/SF,8200.0,False,True
34232005,106853,843762,572,6017938,Myles Turner,IND,C,7600.0,False,True
34232006,106853,1057004,572,6017938,Isaiah Hartenstein,NYK,C,7200.0,False,True
34232007,106853,900535,572,6017938,OG Anunoby,NYK,SF/PF,6800.0,False,True
34232008,106853,551787,572,6017938,T.J. McConnell,IND,PG,6000.0,False,True
34232009,106853,1134264,572,6017938,Aaron Nesmith,IND,SG/SF,5600.0,False,True
34232010,106853,1134158,572,6017938,Andrew Nembhard,IND,PG/SG,5200.0,False,True
34232011,106853,1175084,572,6017938,Miles McBride,NYK,PG/SG,4800.0,False,True
34232012,106853,1076274,572,6017938,Obi Toppin,IND,PF/C,4200.0,False,True
34232013,106853,512995,572,6017938,Alec Burks,NYK,PG/SG,4400.0,False,True
34232014,106853,1175124,572,6017938,Precious Achiuwa,NYK,PF/C,3800.0,False,True
34232015,106853,1175324,572,6017938,Ben Sheppard,IND,PG/SG,2800.0,False,True
34232016,106853,1245934,572,6017938,Isaiah Jackson,IND,C,2400.0,False,True
34232017,106853,786412,572,6017938,Julius Randle,NYK,PF/C,2000.0,False,True
34232018,106853,1239596,572,6017938,Bennedict Mathurin,IND,SG/SF,2000.0,False,True
34232019,106853,1076265,572,6017938,Mitchell Robinson,NYK,C,2000.0,False,True
34232020,106853,879492,572,6017938,Shake Milton,NYK,PG,2000.0,False,True
34232021,106853,1071933,572,6017938,Jericho Sims,NYK,C,2000.0,False,True
34232022,106853,1133792,572,6017938,Jalen Smith,IND,PF/C,2000.0,False,True
34232023,106853,896184,572,6017938,DaQuan Jeffries,NYK,SG/SF,2000.0,False,True
34232024,106853,899858,572,6017938,Mamadi Diakite,NYK,PF/C,2000.0,False,True
34232025,106853,398037,572,6017938,James Johnson,IND,PF,2000.0,False,True
34232026,106853,599812,572,6017938,Bojan Bogdanovic,NYK,SF,2000.0,False,True
34232027,106853,1342729,572,6017938,Kendall Brown,IND,SG/SF,2000.0,False,True
34232028,106853,554804,572,6017938,Doug McDermott,IND,SF,2000.0,False,True
34232029,106853,1402709,572,6017938,Jarace Walker,IND,SF/PF,2000.0,False,True
34232030,106853,887914,571,6017938,Jalen Brunson,NYK,PG,16500.0,False,True
34232031,106853,1132825,571,6017938,Tyrese Haliburton,IND,PG,15000.0,False,True
34232032,106853,741892,571,6017938,Josh Hart,NYK,SF/PF,13800.0,False,True
34232033,106853,853408,571,6017938,Pascal Siakam,IND,SF/PF,12900.0,False,True
34232034,106853,887915,571,6017938,Donte DiVincenzo,NYK,SG/SF,12300.0,False,True
34232035,106853,843762,571,6017938,Myles Turner,IND,C,11400.0,False,True
34232036,106853,1057004,571,6017938,Isaiah Hartenstein,NYK,C,10800.0,False,True
34232037,106853,900535,571,6017938,OG Anunoby,NYK,SF/PF,10200.0,False,True
34232038,106853,551787,571,6017938,T.J. McConnell,IND,PG,9000.0,False,True
34232039,106853,1134264,571,6017938,Aaron Nesmith,IND,SG/SF,8400.0,False,True
34232040,106853,1134158,571,6017938,Andrew Nembhard,IND,PG/SG,7800.0,False,True
34232041,106853,1175084,571,6017938,Miles McBride,NYK,PG/SG,7200.0,False,True
34232042,106853,1076274,571,6017938,Obi Toppin,IND,PF/C,6300.0,False,True
34232043,106853,512995,571,6017938,Alec Burks,NYK,PG/SG,6600.0,False,True
34232044,106853,1175124,571,6017938,Precious Achiuwa,NYK,PF/C,5700.0,False,True
34232045,106853,1175324,571,6017938,Ben Sheppard,IND,PG/SG,4200.0,False,True
34232046,106853,1245934,571,6017938,Isaiah Jackson,IND,C,3600.0,False,True
34232047,106853,786412,571,6017938,Julius Randle,NYK,PF/C,3000.0,False,True
34232048,106853,1239596,571,6017938,Bennedict Mathurin,IND,SG/SF,3000.0,False,True
34232049,106853,1076265,571,6017938,Mitchell Robinson,NYK,C,3000.0,False,True
34232050,106853,879492,571,6017938,Shake Milton,NYK,PG,3000.0,False,True
34232051,106853,1071933,571,6017938,Jericho Sims,NYK,C,3000.0,False,True
34232052,106853,1133792,571,6017938,Jalen Smith,IND,PF/C,3000.0,False,True
34232053,106853,896184,571,6017938,DaQuan Jeffries,NYK,SG/SF,3000.0,False,True
34232054,106853,899858,571,6017938,Mamadi Diakite,NYK,PF/C,3000.0,False,True
34232055,106853,398037,571,6017938,James Johnson,IND,PF,3000.0,False,True
34232056,106853,599812,571,6017938,Bojan Bogdanovic,NYK,SF,3000.0,False,True
34232057,106853,1342729,571,6017938,Kendall Brown,IND,SG/SF,3000.0,False,True
34232058,106853,554804,571,6017938,Doug McDermott,IND,SF,3000.0,False,True
34232059,106853,1402709,571,6017938,Jarace Walker,IND,SF/PF,3000.0,False,True
34242028,106738,880871,475,6004298,Napheesa Collier,MIN,SF/PF,9800.0,False,True
34242029,106738,694553,475,6004298,Jewell Loyd,SEA,PG/SG,9600.0,False,True
34242030,106738,477107,475,6004298,Nneka Ogwumike,SEA,SF/PF,9400.0,False,True
34242031,106738,1165026,475,6004298,Ezi Magbegor,SEA,SF/PF,8800.0,False,True
34242032,106738,695504,475,6004298,Courtney Williams,MIN,PG/SG,8400.0,False,True
34242033,106738,883053,475,6004298,Alanna Smith,MIN,SF/PF,8000.0,False,True
34242034,106738,574369,475,6004298,Kayla McBride,MIN,PG/SG,7600.0,False,True
34242035,106738,839859,475,6004298,Gabby Williams,SEA,SF/PF,6800.0,False,True
34242036,106738,343891,475,6004298,Sami Whitcomb,SEA,PG/SG,6400.0,False,True
34242037,106738,520283,475,6004298,Skylar Diggins-Smith,SEA,PG/SG,6200.0,False,True
34242038,106738,1179124,475,6004298,Jordan Horston,SEA,PG/SG,6000.0,False,True
34242039,106738,1178656,475,6004298,Diamond Miller,MIN,SF/PF,5600.0,False,True
34242040,106738,883614,475,6004298,Natisha Hiedeman,MIN,PG/SG,5400.0,False,True
34242041,106738,786345,475,6004298,Mercedes Russell,SEA,SF/PF,5000.0,False,True
34242042,106738,882016,475,6004298,Bridget Carleton,MIN,SF/PF,4600.0,False,True
34242043,106738,850191,475,6004298,Victoria Vivians,SEA,PG/SG,4400.0,False,True
34242044,106738,1237084,475,6004298,Nika Muhl,SEA,PG/SG,4000.0,False,True
34242045,106738,1178972,475,6004298,Alissa Pili,MIN,SF/PF,3800.0,False,True
34242046,106738,1383344,475,6004298,Sika Kone,MIN,SF/PF,3600.0,False,True
34242047,106738,1178520,475,6004298,Dulcy Fankam Mendjiadeu,SEA,SF/PF,3200.0,False,True
34242048,106738,1080001,475,6004298,Kiana Williams,SEA,PG/SG,2800.0,False,True
34242049,106738,1074085,475,6004298,Cecilia Zandalasini,MIN,SF/PF,2400.0,False,True
34242050,106738,924164,475,6004298,Olivia Epoupa,MIN,PG/SG,2200.0,False,True
34242051,106738,1124751,475,6004298,Taylor Soule,MIN,SF/PF,2000.0,False,True
34242052,106738,342085,475,6004298,Yvonne Turner,SEA,PG/SG,1800.0,False,True
34242053,106738,880871,476,6004298,Napheesa Collier,MIN,SF/PF,14700.0,False,True
34242054,106738,694553,476,6004298,Jewell Loyd,SEA,PG/SG,14400.0,False,True
34242055,106738,477107,476,6004298,Nneka Ogwumike,SEA,SF/PF,14100.0,False,True
34242056,106738,1165026,476,6004298,Ezi Magbegor,SEA,SF/PF,13200.0,False,True
34242057,106738,695504,476,6004298,Courtney Williams,MIN,PG/SG,12600.0,False,True
34242058,106738,883053,476,6004298,Alanna Smith,MIN,SF/PF,12000.0,False,True
34242059,106738,574369,476,6004298,Kayla McBride,MIN,PG/SG,11400.0,False,True
34242060,106738,839859,476,6004298,Gabby Williams,SEA,SF/PF,10200.0,False,True
34242061,106738,343891,476,6004298,Sami Whitcomb,SEA,PG/SG,9600.0,False,True
34242062,106738,520283,476,6004298,Skylar Diggins-Smith,SEA,PG/SG,9300.0,False,True
34242063,106738,1179124,476,6004298,Jordan Horston,SEA,PG/SG,9000.0,False,True
34242064,106738,1178656,476,6004298,Diamond Miller,MIN,SF/PF,8400.0,False,True
34242065,106738,883614,476,6004298,Natisha Hiedeman,MIN,PG/SG,8100.0,False,True
34242066,106738,786345,476,6004298,Mercedes Russell,SEA,SF/PF,7500.0,False,True
34242067,106738,882016,476,6004298,Bridget Carleton,MIN,SF/PF,6900.0,False,True
34242068,106738,850191,476,6004298,Victoria Vivians,SEA,PG/SG,6600.0,False,True
34242069,106738,1237084,476,6004298,Nika Muhl,SEA,PG/SG,6000.0,False,True
34242070,106738,1178972,476,6004298,Alissa Pili,MIN,SF/PF,5700.0,False,True
34242071,106738,1383344,476,6004298,Sika Kone,MIN,SF/PF,5400.0,False,True
34242072,106738,1178520,476,6004298,Dulcy Fankam Mendjiadeu,SEA,SF/PF,4800.0,False,True
34242073,106738,1080001,476,6004298,Kiana Williams,SEA,PG/SG,4200.0,False,True
34242074,106738,1074085,476,6004298,Cecilia Zandalasini,MIN,SF/PF,3600.0,False,True
34242075,106738,924164,476,6004298,Olivia Epoupa,MIN,PG/SG,3300.0,False,True
34242076,106738,1124751,476,6004298,Taylor Soule,MIN,SF/PF,3000.0,False,True
34242077,106738,342085,476,6004298,Yvonne Turner,SEA,PG/SG,2700.0,False,True
34242078,106737,572461,226,6004297,Alyssa Thomas,CON,SF/PF,11300.0,False,True
34242079,106737,572461,227,6004297,Alyssa Thomas,CON,SF/PF,11300.0,False,True
34242080,106737,880871,226,6004298,Napheesa Collier,MIN,SF/PF,11000.0,False,True
34242081,106737,880871,227,6004298,Napheesa Collier,MIN,SF/PF,11000.0,False,True
34242082,106737,694553,225,6004298,Jewell Loyd,SEA,PG/SG,10700.0,False,True
34242083,106737,694553,227,6004298,Jewell Loyd,SEA,PG/SG,10700.0,False,True
34242084,106737,477107,226,6004298,Nneka Ogwumike,SEA,SF/PF,10400.0,False,True
34242085,106737,477107,227,6004298,Nneka Ogwumike,SEA,SF/PF,10400.0,False,True
34242086,106737,304189,225,6004297,DeWanna Bonner,CON,PG/SG,10000.0,False,True
34242087,106737,304189,227,6004297,DeWanna Bonner,CON,PG/SG,10000.0,False,True
34242088,106737,695695,225,6004297,Brittney Sykes,WAS,PG/SG,9900.0,False,True
34242089,106737,695695,227,6004297,Brittney Sykes,WAS,PG/SG,9900.0,False,True
34242090,106737,1165026,226,6004298,Ezi Magbegor,SEA,SF/PF,9700.0,False,True
34242091,106737,1165026,227,6004298,Ezi Magbegor,SEA,SF/PF,9700.0,False,True
34242092,106737,695504,225,6004298,Courtney Williams,MIN,PG/SG,9400.0,False,True
34242093,106737,695504,227,6004298,Courtney Williams,MIN,PG/SG,9400.0,False,True
34242094,106737,883053,226,6004298,Alanna Smith,MIN,SF/PF,9000.0,False,True
34242095,106737,883053,227,6004298,Alanna Smith,MIN,SF/PF,9000.0,False,True
34242096,106737,574369,225,6004298,Kayla McBride,MIN,PG/SG,8800.0,False,True
34242097,106737,574369,227,6004298,Kayla McBride,MIN,PG/SG,8800.0,False,True
34242098,106737,834728,225,6004297,Ariel Atkins,WAS,PG/SG,8400.0,False,True
34242099,106737,834728,227,6004297,Ariel Atkins,WAS,PG/SG,8400.0,False,True
34242100,106737,745114,226,6004297,Brionna Jones,CON,SF/PF,8000.0,False,True
34242101,106737,745114,227,6004297,Brionna Jones,CON,SF/PF,8000.0,False,True
34242102,106737,1127121,226,6004297,Shakira Austin,WAS,SF/PF,7700.0,False,True
34242103,106737,1127121,227,6004297,Shakira Austin,WAS,SF/PF,7700.0,False,True
34242104,106737,853608,226,6004297,Myisha Hines-Allen,WAS,SF/PF,7500.0,False,True
34242105,106737,853608,227,6004297,Myisha Hines-Allen,WAS,SF/PF,7500.0,False,True
34242106,106737,839859,226,6004298,Gabby Williams,SEA,SF/PF,7300.0,False,True
34242107,106737,839859,227,6004298,Gabby Williams,SEA,SF/PF,7300.0,False,True
34242108,106737,692155,225,6004297,Moriah Jefferson,CON,PG/SG,7200.0,False,True
34242109,106737,692155,227,6004297,Moriah Jefferson,CON,PG/SG,7200.0,False,True
34242110,106737,343891,225,6004298,Sami Whitcomb,SEA,PG/SG,7100.0,False,True
34242111,106737,343891,227,6004298,Sami Whitcomb,SEA,PG/SG,7100.0,False,True
34242112,106737,520283,225,6004298,Skylar Diggins-Smith,SEA,PG/SG,7000.0,False,True
34242113,106737,520283,227,6004298,Skylar Diggins-Smith,SEA,PG/SG,7000.0,False,True
34242114,106737,1179124,225,6004298,Jordan Horston,SEA,PG/SG,6800.0,False,True
34242115,106737,1179124,227,6004298,Jordan Horston,SEA,PG/SG,6800.0,False,True
34242116,106737,945691,225,6004297,DiJonai Carrington,CON,PG/SG,6700.0,False,True
34242117,106737,945691,227,6004297,DiJonai Carrington,CON,PG/SG,6700.0,False,True
34242118,106737,785079,225,6004297,Karlie Samuelson,WAS,PG/SG,6600.0,False,True
34242119,106737,785079,227,6004297,Karlie Samuelson,WAS,PG/SG,6600.0,False,True
34242120,106737,1178656,226,6004298,Diamond Miller,MIN,SF/PF,6400.0,False,True
34242121,106737,1178656,227,6004298,Diamond Miller,MIN,SF/PF,6400.0,False,True
34242122,106737,883614,225,6004298,Natisha Hiedeman,MIN,PG/SG,6200.0,False,True
34242123,106737,883614,227,6004298,Natisha Hiedeman,MIN,PG/SG,6200.0,False,True
34242124,106737,786345,226,6004298,Mercedes Russell,SEA,SF/PF,6000.0,False,True
34242125,106737,786345,227,6004298,Mercedes Russell,SEA,SF/PF,6000.0,False,True
34242126,106737,1237071,226,6004297,Aaliyah Edwards,WAS,SF/PF,5800.0,False,True
34242127,106737,1237071,227,6004297,Aaliyah Edwards,WAS,SF/PF,5800.0,False,True
34242128,106737,946830,225,6004297,Tyasha Harris,CON,PG/SG,5700.0,False,True
34242129,106737,946830,227,6004297,Tyasha Harris,CON,PG/SG,5700.0,False,True
34242130,106737,882016,226,6004298,Bridget Carleton,MIN,SF/PF,5500.0,False,True
34242131,106737,882016,227,6004298,Bridget Carleton,MIN,SF/PF,5500.0,False,True
34242132,106737,1123909,226,6004297,Olivia Nelson-Ododa,CON,SF/PF,5300.0,False,True
34242133,106737,1123909,227,6004297,Olivia Nelson-Ododa,CON,SF/PF,5300.0,False,True
34242134,106737,850191,225,6004298,Victoria Vivians,SEA,PG/SG,5200.0,False,True
34242135,106737,850191,227,6004298,Victoria Vivians,SEA,PG/SG,5200.0,False,True
34242136,106737,573848,226,6004297,Stefanie Dolson,WAS,SF/PF,5100.0,False,True
34242137,106737,573848,227,6004297,Stefanie Dolson,WAS,SF/PF,5100.0,False,True
34242138,106737,712907,225,6004297,Tiffany Mitchell,CON,PG/SG,4900.0,False,True
34242139,106737,712907,227,6004297,Tiffany Mitchell,CON,PG/SG,4900.0,False,True
34242140,106737,620680,225,6004297,Rachel Banham,CON,PG/SG,4800.0,False,True
34242141,106737,620680,227,6004297,Rachel Banham,CON,PG/SG,4800.0,False,True
34242142,106737,1237084,225,6004298,Nika Muhl,SEA,PG/SG,4700.0,False,True
34242143,106737,1237084,227,6004298,Nika Muhl,SEA,PG/SG,4700.0,False,True
34242144,106737,745113,225,6004297,Shatori Walker-Kimbrough,WAS,PG/SG,4600.0,False,True
34242145,106737,745113,227,6004297,Shatori Walker-Kimbrough,WAS,PG/SG,4600.0,False,True
34242146,106737,1178972,226,6004298,Alissa Pili,MIN,SF/PF,4500.0,False,True
34242147,106737,1178972,227,6004298,Alissa Pili,MIN,SF/PF,4500.0,False,True
34242148,106737,1061407,225,6004297,DiDi Richards,WAS,PG/SG,4400.0,False,True
34242149,106737,1061407,227,6004297,DiDi Richards,WAS,PG/SG,4400.0,False,True
34242150,106737,1125562,226,6004297,Queen Egbo,CON,SF/PF,4300.0,False,True
34242151,106737,1125562,227,6004297,Queen Egbo,CON,SF/PF,4300.0,False,True
34242152,106737,1383344,226,6004298,Sika Kone,MIN,SF/PF,4200.0,False,True
34242153,106737,1383344,227,6004298,Sika Kone,MIN,SF/PF,4200.0,False,True
34242154,106737,1313717,225,6004297,Julie Vanloo,WAS,PG/SG,4100.0,False,True
34242155,106737,1313717,227,6004297,Julie Vanloo,WAS,PG/SG,4100.0,False,True
34242156,106737,1178520,226,6004298,Dulcy Fankam Mendjiadeu,SEA,SF/PF,3900.0,False,True
34242157,106737,1178520,227,6004298,Dulcy Fankam Mendjiadeu,SEA,SF/PF,3900.0,False,True
34242158,106737,825993,226,6004297,Astou Ndour-Fall,CON,SF/PF,3700.0,False,True
34242159,106737,825993,227,6004297,Astou Ndour-Fall,CON,SF/PF,3700.0,False,True
34242160,106737,1080001,225,6004298,Kiana Williams,SEA,PG/SG,3500.0,False,True
34242161,106737,1080001,227,6004298,Kiana Williams,SEA,PG/SG,3500.0,False,True
34242162,106737,1074085,226,6004298,Cecilia Zandalasini,MIN,SF/PF,3400.0,False,True
34242163,106737,1074085,227,6004298,Cecilia Zandalasini,MIN,SF/PF,3400.0,False,True
34242164,106737,924164,225,6004298,Olivia Epoupa,MIN,PG/SG,3200.0,False,True
34242165,106737,924164,227,6004298,Olivia Epoupa,MIN,PG/SG,3200.0,False,True
34242166,106737,1383345,225,6004297,Jade Melbourne,WAS,PG/SG,3100.0,False,True
34242167,106737,1383345,227,6004297,Jade Melbourne,WAS,PG/SG,3100.0,False,True
34242168,106737,342085,225,6004298,Yvonne Turner,SEA,PG/SG,3000.0,False,True
34242169,106737,342085,227,6004298,Yvonne Turner,SEA,PG/SG,3000.0,False,True
34242170,106737,1138402,226,6004297,Emily Engstler,WAS,SF/PF,3000.0,False,True
34242171,106737,1138402,227,6004297,Emily Engstler,WAS,SF/PF,3000.0,False,True
34242172,106737,1124751,226,6004298,Taylor Soule,MIN,SF/PF,3000.0,False,True
34242173,106737,1124751,227,6004298,Taylor Soule,MIN,SF/PF,3000.0,False,True
34242174,106739,572461,672,6004297,Alyssa Thomas,CON,PF,16000.0,False,True
34242175,106739,880871,672,6004298,Napheesa Collier,MIN,PF,16000.0,False,True
34242176,106739,694553,672,6004298,Jewell Loyd,SEA,PG,16000.0,False,True
34242177,106739,477107,672,6004298,Nneka Ogwumike,SEA,PF,16000.0,False,True
34242178,106739,304189,672,6004297,DeWanna Bonner,CON,PG,16000.0,False,True
34242179,106739,695695,672,6004297,Brittney Sykes,WAS,PG,16000.0,False,True
34242180,106739,1165026,672,6004298,Ezi Magbegor,SEA,PF,16000.0,False,True
34242181,106739,695504,672,6004298,Courtney Williams,MIN,PG,16000.0,False,True
34242182,106739,883053,672,6004298,Alanna Smith,MIN,PF,16000.0,False,True
34242183,106739,574369,672,6004298,Kayla McBride,MIN,PG,16000.0,False,True
34242184,106739,834728,672,6004297,Ariel Atkins,WAS,PG,16000.0,False,True
34242185,106739,745114,672,6004297,Brionna Jones,CON,PF,16000.0,False,True
34242186,106739,1127121,672,6004297,Shakira Austin,WAS,PF,16000.0,False,True
34242187,106739,853608,672,6004297,Myisha Hines-Allen,WAS,PF,16000.0,False,True
34242188,106739,839859,672,6004298,Gabby Williams,SEA,PF,16000.0,False,True
34242189,106739,692155,672,6004297,Moriah Jefferson,CON,PG,16000.0,False,True
34242190,106739,343891,672,6004298,Sami Whitcomb,SEA,PG,16000.0,False,True
34242191,106739,520283,672,6004298,Skylar Diggins-Smith,SEA,PG,16000.0,False,True
34242192,106739,1179124,672,6004298,Jordan Horston,SEA,PG,16000.0,False,True
34242193,106739,945691,672,6004297,DiJonai Carrington,CON,PG,16000.0,False,True
34242194,106739,785079,672,6004297,Karlie Samuelson,WAS,PG,16000.0,False,True
34242195,106739,1178656,672,6004298,Diamond Miller,MIN,PF,16000.0,False,True
34242196,106739,883614,672,6004298,Natisha Hiedeman,MIN,PG,16000.0,False,True
34242197,106739,786345,672,6004298,Mercedes Russell,SEA,PF,16000.0,False,True
34242198,106739,1237071,672,6004297,Aaliyah Edwards,WAS,PF,16000.0,False,True
34242199,106739,946830,672,6004297,Tyasha Harris,CON,PG,16000.0,False,True
34242200,106739,882016,672,6004298,Bridget Carleton,MIN,PF,16000.0,False,True
34242201,106739,1123909,672,6004297,Olivia Nelson-Ododa,CON,PF,16000.0,False,True
34242202,106739,850191,672,6004298,Victoria Vivians,SEA,PG,16000.0,False,True
34242203,106739,573848,672,6004297,Stefanie Dolson,WAS,PF,16000.0,False,True
34242204,106739,712907,672,6004297,Tiffany Mitchell,CON,PG,16000.0,False,True
34242205,106739,620680,672,6004297,Rachel Banham,CON,PG,16000.0,False,True
34242206,106739,1237084,672,6004298,Nika Muhl,SEA,PG,16000.0,False,True
34242207,106739,745113,672,6004297,Shatori Walker-Kimbrough,WAS,PG,16000.0,False,True
34242208,106739,1178972,672,6004298,Alissa Pili,MIN,PF,16000.0,False,True
34242209,106739,1061407,672,6004297,DiDi Richards,WAS,PG,16000.0,False,True
34242210,106739,1125562,672,6004297,Queen Egbo,CON,PF,16000.0,False,True
34242211,106739,1383344,672,6004298,Sika Kone,MIN,PF,16000.0,False,True
34242212,106739,1313717,672,6004297,Julie Vanloo,WAS,PG,16000.0,False,True
34242213,106739,1178520,672,6004298,Dulcy Fankam Mendjiadeu,SEA,PF,16000.0,False,True
34242214,106739,825993,672,6004297,Astou Ndour-Fall,CON,PF,16000.0,False,True
34242215,106739,1080001,672,6004298,Kiana Williams,SEA,PG,16000.0,False,True
34242216,106739,1074085,672,6004298,Cecilia Zandalasini,MIN,PF,16000.0,False,True
34242217,106739,924164,672,6004298,Olivia Epoupa,MIN,PG,16000.0,False,True
34242218,106739,1383345,672,6004297,Jade Melbourne,WAS,PG,16000.0,False,True
34242219,106739,342085,672,6004298,Yvonne Turner,SEA,PG,16000.0,False,True
34242220,106739,1138402,672,6004297,Emily Engstler,WAS,PF,16000.0,False,True
34242221,106739,1124751,672,6004298,Taylor Soule,MIN,PF,16000.0,False,True
