draftable_id,draft_group_id,player_id,roster_slot_id,competition_id,name,team,position_name,salary,is_disabled,is_swappable
43637281,150873,850200,226,6163205,A'ja Wilson,LVA,SF/PF,12500.0,False,True
43637282,150873,850200,227,6163205,A'ja Wilson,LVA,SF/PF,12500.0,False,True
43637283,150873,574059,226,6163207,Natasha Howard,MIN,SF/PF,11000.0,False,True
43637284,150873,574059,227,6163207,Natasha Howard,MIN,SF/PF,11000.0,False,True
43637285,150873,923865,225,6163205,Jackie Young,LVA,PG/SG,10800.0,False,True
43637286,150873,923865,227,6163205,Jackie Young,LVA,PG/SG,10800.0,False,True
43637287,150873,881835,225,6163205,Marina Mabrey,TOR,PG/SG,10700.0,False,True
43637288,150873,881835,227,6163205,Marina Mabrey,TOR,PG/SG,10700.0,False,True
43637289,150873,1268935,225,6163207,Olivia Miles,MIN,PG/SG,10600.0,False,True
43637290,150873,1268935,227,6163207,Olivia Miles,MIN,PG/SG,10600.0,False,True
43637291,150873,880871,226,6163207,Napheesa Collier,MIN,SF/PF,10300.0,False,True
43637292,150873,880871,227,6163207,Napheesa Collier,MIN,SF/PF,10300.0,False,True
43637293,150873,1511557,226,6163207,Dominique Malonga,SEA,SF/PF,10100.0,False,True
43637294,150873,1511557,227,6163207,Dominique Malonga,SEA,SF/PF,10100.0,False,True
43637295,150873,1127121,226,6163206,Shakira Austin,WAS,SF/PF,9900.0,False,True
43637296,150873,1127121,227,6163206,Shakira Austin,WAS,SF/PF,9900.0,False,True
43637297,150873,574369,225,6163207,Kayla McBride,MIN,PG/SG,9700.0,False,True
43637298,150873,574369,227,6163207,Kayla McBride,MIN,PG/SG,9700.0,False,True
43637299,150873,695695,225,6163205,Brittney Sykes,TOR,PG/SG,9600.0,False,True
43637300,150873,695695,227,6163205,Brittney Sykes,TOR,PG/SG,9600.0,False,True
43637301,150873,1409434,225,6163207,Flau'Jae Johnson,SEA,PG/SG,9500.0,False,True
43637302,150873,1409434,227,6163207,Flau'Jae Johnson,SEA,PG/SG,9500.0,False,True
43637303,150873,695504,225,6163207,Courtney Williams,MIN,PG/SG,9400.0,False,True
43637304,150873,695504,227,6163207,Courtney Williams,MIN,PG/SG,9400.0,False,True
43637305,150873,883614,225,6163207,Natisha Hiedeman,SEA,PG/SG,9200.0,False,True
43637306,150873,883614,227,6163207,Natisha Hiedeman,SEA,PG/SG,9200.0,False,True
43637307,150873,1329912,226,6163206,Kiki Iriafen,WAS,SF/PF,9100.0,False,True
43637308,150873,1329912,227,6163206,Kiki Iriafen,WAS,SF/PF,9100.0,False,True
43637309,150873,839859,226,6163206,Gabby Williams,GSV,SF/PF,9000.0,False,True
43637310,150873,839859,227,6163206,Gabby Williams,GSV,SF/PF,9000.0,False,True
43637311,150873,573744,225,6163205,Chelsea Gray,LVA,PG/SG,8900.0,False,True
43637312,150873,573744,227,6163205,Chelsea Gray,LVA,PG/SG,8900.0,False,True
43637313,150873,1514656,226,6163207,Awa Fam,SEA,SF/PF,8800.0,False,True
43637314,150873,1514656,227,6163207,Awa Fam,SEA,SF/PF,8800.0,False,True
43637315,150873,747542,226,6163207,Nia Coffey,MIN,SF/PF,8600.0,False,True
43637316,150873,747542,227,6163207,Nia Coffey,MIN,SF/PF,8600.0,False,True
43637317,150873,1127174,225,6163206,Veronica Burton,GSV,PG/SG,8400.0,False,True
43637318,150873,1127174,227,6163206,Veronica Burton,GSV,PG/SG,8400.0,False,True
43637319,150873,1217310,225,6163205,Julie Allemand,TOR,PG/SG,8200.0,False,True
43637320,150873,1217310,227,6163205,Julie Allemand,TOR,PG/SG,8200.0,False,True
43637321,150873,620494,226,6163205,Isabelle Harrison,TOR,SF/PF,8100.0,False,True
43637322,150873,620494,227,6163205,Isabelle Harrison,TOR,SF/PF,8100.0,False,True
43637323,150873,1511559,226,6163206,Janelle Salaun,GSV,SF/PF,8000.0,False,True
43637324,150873,1511559,227,6163206,Janelle Salaun,GSV,SF/PF,8000.0,False,True
43637325,150873,881754,226,6163205,Maria Conde,TOR,SF/PF,7900.0,False,True
43637326,150873,881754,227,6163205,Maria Conde,TOR,SF/PF,7900.0,False,True
43637327,150873,1132717,226,6163205,Nyara Sabally,TOR,SF/PF,7800.0,False,True
43637328,150873,1132717,227,6163205,Nyara Sabally,TOR,SF/PF,7800.0,False,True
43637329,150873,1353845,225,6163206,Sonia Citron,WAS,PG/SG,7700.0,False,True
43637330,150873,1353845,227,6163206,Sonia Citron,WAS,PG/SG,7700.0,False,True
43637331,150873,570043,226,6163206,Kayla Thornton,GSV,SF/PF,7600.0,False,True
43637332,150873,570043,227,6163206,Kayla Thornton,GSV,SF/PF,7600.0,False,True
43637333,150873,1410325,225,6163205,Kiki Rice,TOR,PG/SG,7400.0,False,True
43637334,150873,1410325,227,6163205,Kiki Rice,TOR,PG/SG,7400.0,False,True
43637335,150873,1125559,226,6163205,NaLyssa Smith,LVA,SF/PF,7100.0,False,True
43637336,150873,1125559,227,6163205,NaLyssa Smith,LVA,SF/PF,7100.0,False,True
43637337,150873,1646835,226,6163205,Laura Juskaite,TOR,SF/PF,6900.0,False,True
43637338,150873,1646835,227,6163205,Laura Juskaite,TOR,SF/PF,6900.0,False,True
43637339,150873,1079988,226,6163206,Michaela Onyenwere,WAS,SF/PF,6400.0,False,True
43637340,150873,1079988,227,6163206,Michaela Onyenwere,WAS,SF/PF,6400.0,False,True
43637341,150873,1383345,225,6163207,Jade Melbourne,SEA,PG/SG,6300.0,False,True
43637342,150873,1383345,227,6163207,Jade Melbourne,SEA,PG/SG,6300.0,False,True
43637343,150873,694553,225,6163205,Jewell Loyd,LVA,PG/SG,6200.0,False,True
43637344,150873,694553,227,6163205,Jewell Loyd,LVA,PG/SG,6200.0,False,True
43637345,150873,619369,226,6163206,Kiah Stokes,GSV,SF/PF,6100.0,False,True
43637346,150873,619369,227,6163206,Kiah Stokes,GSV,SF/PF,6100.0,False,True
43637347,150873,1165026,226,6163207,Ezi Magbegor,SEA,SF/PF,6000.0,False,True
43637348,150873,1165026,227,6163207,Ezi Magbegor,SEA,SF/PF,6000.0,False,True
43637349,150873,1074085,226,6163206,Cecilia Zandalasini,GSV,SF/PF,5900.0,False,True
43637350,150873,1074085,227,6163206,Cecilia Zandalasini,GSV,SF/PF,5900.0,False,True
43637351,150873,473026,225,6163206,Tiffany Hayes,GSV,PG/SG,5800.0,False,True
43637352,150873,473026,227,6163206,Tiffany Hayes,GSV,PG/SG,5800.0,False,True
43637353,150873,945094,225,6163206,Kaila Charles,GSV,PG/SG,5400.0,False,True
43637354,150873,945094,227,6163206,Kaila Charles,GSV,PG/SG,5400.0,False,True
43637355,150873,1346972,225,6163206,Kaitlyn Chen,GSV,PG/SG,5300.0,False,True
43637356,150873,1346972,227,6163206,Kaitlyn Chen,GSV,PG/SG,5300.0,False,True
43637357,150873,1409996,226,6163206,Lauren Betts,WAS,SF/PF,5200.0,False,True
43637358,150873,1409996,227,6163206,Lauren Betts,WAS,SF/PF,5200.0,False,True
43637359,150873,571423,226,6163205,Cheyenne Parker-Tyus,LVA,SF/PF,5000.0,False,True
43637360,150873,571423,227,6163205,Cheyenne Parker-Tyus,LVA,SF/PF,5000.0,False,True
43637361,150873,619768,226,6163205,Temi Fagbenle,TOR,SF/PF,4900.0,False,True
43637362,150873,619768,227,6163205,Temi Fagbenle,TOR,SF/PF,4900.0,False,True
43637363,150873,1239247,225,6163206,Georgia Amoore,WAS,PG/SG,4800.0,False,True
43637364,150873,1239247,227,6163206,Georgia Amoore,WAS,PG/SG,4800.0,False,True
43637365,150873,1138482,226,6163207,Dorka Juhasz,MIN,SF/PF,4700.0,False,True
43637366,150873,1138482,227,6163207,Dorka Juhasz,MIN,SF/PF,4700.0,False,True
43637367,150873,1418182,226,6163206,Cotie McMahon,WAS,SF/PF,4600.0,False,True
43637368,150873,1418182,227,6163206,Cotie McMahon,WAS,SF/PF,4600.0,False,True
43637369,150873,1313708,225,6163207,Antonia Delaere,MIN,PG/SG,4500.0,False,True
43637370,150873,1313708,227,6163207,Antonia Delaere,MIN,PG/SG,4500.0,False,True
43637371,150873,1192652,226,6163206,Laeticia Amihere,GSV,SF/PF,4400.0,False,True
43637372,150873,1192652,227,6163206,Laeticia Amihere,GSV,SF/PF,4400.0,False,True
43637373,150873,1179124,226,6163207,Jordan Horston,SEA,SF/PF,4300.0,False,True
43637374,150873,1179124,227,6163207,Jordan Horston,SEA,SF/PF,4300.0,False,True
43637375,150873,839858,225,6163205,Kia Nurse,TOR,PG/SG,4200.0,False,True
43637376,150873,839858,227,6163205,Kia Nurse,TOR,PG/SG,4200.0,False,True
43637377,150873,923878,226,6163205,Stephanie Talbot,LVA,SF/PF,4100.0,False,True
43637378,150873,923878,227,6163205,Stephanie Talbot,LVA,SF/PF,4100.0,False,True
43637379,150873,1650029,225,6163206,Alicia Florez,WAS,PG/SG,4000.0,False,True
43637380,150873,1650029,227,6163206,Alicia Florez,WAS,PG/SG,4000.0,False,True
43637381,150873,1071273,225,6163205,Dana Evans,LVA,PG/SG,3900.0,False,True
43637382,150873,1071273,227,6163205,Dana Evans,LVA,PG/SG,3900.0,False,True
43637383,150873,880872,226,6163207,Katie Lou Samuelson,SEA,SF/PF,3800.0,False,True
43637384,150873,880872,227,6163207,Katie Lou Samuelson,SEA,SF/PF,3800.0,False,True
43637385,150873,1582293,226,6163207,Anastasiia Olairi Kosu,MIN,SF/PF,3700.0,False,True
43637386,150873,1582293,227,6163207,Anastasiia Olairi Kosu,MIN,SF/PF,3700.0,False,True
43637387,150873,1514083,225,6163205,Mai Yamamoto,LVA,PG/SG,3700.0,False,True
43637388,150873,1514083,227,6163205,Mai Yamamoto,LVA,PG/SG,3700.0,False,True
43637389,150873,520308,226,6163205,Kayla Alexander,TOR,SF/PF,3600.0,False,True
43637390,150873,520308,227,6163205,Kayla Alexander,TOR,SF/PF,3600.0,False,True
43637391,150873,1178936,226,6163205,Kierstan Bell,LVA,SF/PF,3600.0,False,True
43637392,150873,1178936,227,6163205,Kierstan Bell,LVA,SF/PF,3600.0,False,True
43637393,150873,1192640,225,6163207,Zia Cooke,SEA,PG/SG,3500.0,False,True
43637394,150873,1192640,227,6163207,Zia Cooke,SEA,PG/SG,3500.0,False,True
43637395,150873,1432600,225,6163206,Cassandre Prosper,WAS,PG/SG,3500.0,False,True
43637396,150873,1432600,227,6163206,Cassandre Prosper,WAS,PG/SG,3500.0,False,True
43637397,150873,1062313,225,6163207,Maya Caldwell,MIN,PG/SG,3400.0,False,True
43637398,150873,1062313,227,6163207,Maya Caldwell,MIN,PG/SG,3400.0,False,True
43637399,150873,1240231,226,6163206,Angela Dugalic,WAS,SF/PF,3400.0,False,True
43637400,150873,1240231,227,6163206,Angela Dugalic,WAS,SF/PF,3400.0,False,True
43637401,150873,1413148,226,6163205,Justine Pissott,LVA,SF/PF,3300.0,False,True
43637402,150873,1413148,227,6163205,Justine Pissott,LVA,SF/PF,3300.0,False,True
43637403,150873,1651910,225,6163205,Tima Pouye,TOR,PG/SG,3300.0,False,True
43637404,150873,1651910,227,6163205,Tima Pouye,TOR,PG/SG,3300.0,False,True
43637405,150873,832887,226,6163205,Brianna Turner,LVA,SF/PF,3200.0,False,True
43637406,150873,832887,227,6163205,Brianna Turner,LVA,SF/PF,3200.0,False,True
43637407,150873,573848,226,6163207,Stefanie Dolson,SEA,SF/PF,3200.0,False,True
43637408,150873,573848,227,6163207,Stefanie Dolson,SEA,SF/PF,3200.0,False,True
43637409,150873,1347014,225,6163206,Lucy Olsen,WAS,PG/SG,3100.0,False,True
43637410,150873,1347014,227,6163206,Lucy Olsen,WAS,PG/SG,3100.0,False,True
43637411,150873,1236981,226,6163207,Liatu King,MIN,SF/PF,3100.0,False,True
43637412,150873,1236981,227,6163207,Liatu King,MIN,SF/PF,3100.0,False,True
43637413,150873,1646983,225,6163207,Eliska Hamzova,MIN,PG/SG,3000.0,False,True
43637414,150873,1646983,227,6163207,Eliska Hamzova,MIN,PG/SG,3000.0,False,True
43637415,150873,1329604,226,6163205,Teonni Key,TOR,SF/PF,3000.0,False,True
43637416,150873,1329604,227,6163205,Teonni Key,TOR,SF/PF,3000.0,False,True
43637417,150873,1282439,226,6163206,Iliana Rupert,GSV,SF/PF,3000.0,False,True
43637418,150873,1282439,227,6163206,Iliana Rupert,GSV,SF/PF,3000.0,False,True
43637419,150873,1646982,226,6163207,Emma Cechova,MIN,SF/PF,3000.0,False,True
43637420,150873,1646982,227,6163207,Emma Cechova,MIN,SF/PF,3000.0,False,True
43637421,150873,1408734,225,6163207,Taina Mair,SEA,PG/SG,3000.0,False,True
43637422,150873,1408734,227,6163207,Taina Mair,SEA,PG/SG,3000.0,False,True
43637423,150873,1178630,226,6163207,Mackenzie Holmes,SEA,SF/PF,3000.0,False,True
43637424,150873,1178630,227,6163207,Mackenzie Holmes,SEA,SF/PF,3000.0,False,True
43637425,150873,1408674,225,6163205,Ta'Niya Latson,LVA,PG/SG,3000.0,False,True
43637426,150873,1408674,227,6163205,Ta'Niya Latson,LVA,PG/SG,3000.0,False,True
43637427,150873,945689,226,6163206,Nadia Fingall,GSV,SF/PF,3000.0,False,True
43637428,150873,945689,227,6163206,Nadia Fingall,GSV,SF/PF,3000.0,False,True
43637429,150873,1329933,225,6163206,Rori Harmon,WAS,PG/SG,3000.0,False,True
43637430,150873,1329933,227,6163206,Rori Harmon,WAS,PG/SG,3000.0,False,True
43637431,150873,1329658,226,6163207,Taylor Thierry,SEA,SF/PF,3000.0,False,True
43637432,150873,1329658,227,6163207,Taylor Thierry,SEA,SF/PF,3000.0,False,True
43637433,150873,1655742,226,6163205,Ornella Bankole,TOR,SF/PF,3000.0,False,True
43637434,150873,1655742,227,6163205,Ornella Bankole,TOR,SF/PF,3000.0,False,True
43637435,150873,1189691,226,6163206,Ashten Prechtel,GSV,SF/PF,3000.0,False,True
43637436,150873,1189691,227,6163206,Ashten Prechtel,GSV,SF/PF,3000.0,False,True
43637437,150873,1646923,225,6163206,Miela Sowah,GSV,PG/SG,3000.0,False,True
43637438,150873,1646923,227,6163206,Miela Sowah,GSV,PG/SG,3000.0,False,True
43637439,150873,1416002,226,6163205,Janiah Barker,LVA,SF/PF,3000.0,False,True
43637440,150873,1416002,227,6163205,Janiah Barker,LVA,SF/PF,3000.0,False,True
43637441,150873,1409781,226,6163206,Darianna Littlepage-Buggs,WAS,SF/PF,3000.0,False,True
43637442,150873,1409781,227,6163206,Darianna Littlepage-Buggs,WAS,SF/PF,3000.0,False,True
43637443,150873,1582285,226,6163206,Juste Jocyte,GSV,SF/PF,3000.0,False,True
43637444,150873,1582285,227,6163206,Juste Jocyte,GSV,SF/PF,3000.0,False,True
43637445,150874,850200,633,6163205,A'ja Wilson,LVA,SF,,False,False
43637446,150874,850200,465,6163205,A'ja Wilson,LVA,SF,,False,False
43637447,150874,850200,636,6163205,A'ja Wilson,LVA,SF,,False,False
43637448,150874,574059,633,6163207,Natasha Howard,MIN,SF,,False,False
43637449,150874,574059,465,6163207,Natasha Howard,MIN,SF,,False,False
43637450,150874,574059,636,6163207,Natasha Howard,MIN,SF,,False,False
43637451,150874,923865,464,6163205,Jackie Young,LVA,PG,,False,False
43637452,150874,923865,465,6163205,Jackie Young,LVA,PG,,False,False
43637453,150874,923865,636,6163205,Jackie Young,LVA,PG,,False,False
43637454,150874,881835,464,6163205,Marina Mabrey,TOR,PG,,False,False
43637455,150874,881835,465,6163205,Marina Mabrey,TOR,PG,,False,False
43637456,150874,881835,636,6163205,Marina Mabrey,TOR,PG,,False,False
43637457,150874,1268935,464,6163207,Olivia Miles,MIN,PG,,False,False
43637458,150874,1268935,465,6163207,Olivia Miles,MIN,PG,,False,False
43637459,150874,1268935,636,6163207,Olivia Miles,MIN,PG,,False,False
43637460,150874,880871,633,6163207,Napheesa Collier,MIN,SF,,False,False
43637461,150874,880871,465,6163207,Napheesa Collier,MIN,SF,,False,False
43637462,150874,880871,636,6163207,Napheesa Collier,MIN,SF,,False,False
43637463,150874,1511557,633,6163207,Dominique Malonga,SEA,SF,,False,False
43637464,150874,1511557,465,6163207,Dominique Malonga,SEA,SF,,False,False
43637465,150874,1511557,636,6163207,Dominique Malonga,SEA,SF,,False,False
43637466,150874,1127121,633,6163206,Shakira Austin,WAS,SF,,False,False
43637467,150874,1127121,465,6163206,Shakira Austin,WAS,SF,,False,False
43637468,150874,1127121,636,6163206,Shakira Austin,WAS,SF,,False,False
43637469,150874,574369,464,6163207,Kayla McBride,MIN,PG,,False,False
43637470,150874,574369,465,6163207,Kayla McBride,MIN,PG,,False,False
43637471,150874,574369,636,6163207,Kayla McBride,MIN,PG,,False,False
43637472,150874,695695,464,6163205,Brittney Sykes,TOR,PG,,False,False
43637473,150874,695695,465,6163205,Brittney Sykes,TOR,PG,,False,False
43637474,150874,695695,636,6163205,Brittney Sykes,TOR,PG,,False,False
43637475,150874,1409434,464,6163207,Flau'Jae Johnson,SEA,PG,,False,False
43637476,150874,1409434,465,6163207,Flau'Jae Johnson,SEA,PG,,False,False
43637477,150874,1409434,636,6163207,Flau'Jae Johnson,SEA,PG,,False,False
43637478,150874,695504,464,6163207,Courtney Williams,MIN,PG,,False,False
43637479,150874,695504,465,6163207,Courtney Williams,MIN,PG,,False,False
43637480,150874,695504,636,6163207,Courtney Williams,MIN,PG,,False,False
43637481,150874,883614,464,6163207,Natisha Hiedeman,SEA,PG,,False,False
43637482,150874,883614,465,6163207,Natisha Hiedeman,SEA,PG,,False,False
43637483,150874,883614,636,6163207,Natisha Hiedeman,SEA,PG,,False,False
43637484,150874,1329912,633,6163206,Kiki Iriafen,WAS,SF,,False,False
43637485,150874,1329912,465,6163206,Kiki Iriafen,WAS,SF,,False,False
43637486,150874,1329912,636,6163206,Kiki Iriafen,WAS,SF,,False,False
43637487,150874,839859,633,6163206,Gabby Williams,GSV,SF,,False,False
43637488,150874,839859,465,6163206,Gabby Williams,GSV,SF,,False,False
43637489,150874,839859,636,6163206,Gabby Williams,GSV,SF,,False,False
43637490,150874,573744,464,6163205,Chelsea Gray,LVA,PG,,False,False
43637491,150874,573744,465,6163205,Chelsea Gray,LVA,PG,,False,False
43637492,150874,573744,636,6163205,Chelsea Gray,LVA,PG,,False,False
43637493,150874,1514656,633,6163207,Awa Fam,SEA,SF,,False,False
43637494,150874,1514656,465,6163207,Awa Fam,SEA,SF,,False,False
43637495,150874,1514656,636,6163207,Awa Fam,SEA,SF,,False,False
43637496,150874,747542,633,6163207,Nia Coffey,MIN,SF,,False,False
43637497,150874,747542,465,6163207,Nia Coffey,MIN,SF,,False,False
43637498,150874,747542,636,6163207,Nia Coffey,MIN,SF,,False,False
43637499,150874,1127174,464,6163206,Veronica Burton,GSV,PG,,False,False
43637500,150874,1127174,465,6163206,Veronica Burton,GSV,PG,,False,False
43637501,150874,1127174,636,6163206,Veronica Burton,GSV,PG,,False,False
43637502,150874,1217310,464,6163205,Julie Allemand,TOR,PG,,False,False
43637503,150874,1217310,465,6163205,Julie Allemand,TOR,PG,,False,False
43637504,150874,1217310,636,6163205,Julie Allemand,TOR,PG,,False,False
43637505,150874,620494,633,6163205,Isabelle Harrison,TOR,SF,,False,False
43637506,150874,620494,465,6163205,Isabelle Harrison,TOR,SF,,False,False
43637507,150874,620494,636,6163205,Isabelle Harrison,TOR,SF,,False,False
43637508,150874,1511559,633,6163206,Janelle Salaun,GSV,SF,,False,False
43637509,150874,1511559,465,6163206,Janelle Salaun,GSV,SF,,False,False
43637510,150874,1511559,636,6163206,Janelle Salaun,GSV,SF,,False,False
43637511,150874,881754,633,6163205,Maria Conde,TOR,SF,,False,False
43637512,150874,881754,465,6163205,Maria Conde,TOR,SF,,False,False
43637513,150874,881754,636,6163205,Maria Conde,TOR,SF,,False,False
43637514,150874,1132717,633,6163205,Nyara Sabally,TOR,SF,,False,False
43637515,150874,1132717,465,6163205,Nyara Sabally,TOR,SF,,False,False
43637516,150874,1132717,636,6163205,Nyara Sabally,TOR,SF,,False,False
43637517,150874,1353845,464,6163206,Sonia Citron,WAS,PG,,False,False
43637518,150874,1353845,465,6163206,Sonia Citron,WAS,PG,,False,False
43637519,150874,1353845,636,6163206,Sonia Citron,WAS,PG,,False,False
43637520,150874,570043,633,6163206,Kayla Thornton,GSV,SF,,False,False
43637521,150874,570043,465,6163206,Kayla Thornton,GSV,SF,,False,False
43637522,150874,570043,636,6163206,Kayla Thornton,GSV,SF,,False,False
43637523,150874,1410325,464,6163205,Kiki Rice,TOR,PG,,False,False
43637524,150874,1410325,465,6163205,Kiki Rice,TOR,PG,,False,False
43637525,150874,1410325,636,6163205,Kiki Rice,TOR,PG,,False,False
43637526,150874,1125559,633,6163205,NaLyssa Smith,LVA,SF,,False,False
43637527,150874,1125559,465,6163205,NaLyssa Smith,LVA,SF,,False,False
43637528,150874,1125559,636,6163205,NaLyssa Smith,LVA,SF,,False,False
43637529,150874,1646835,633,6163205,Laura Juskaite,TOR,SF,,False,False
43637530,150874,1646835,465,6163205,Laura Juskaite,TOR,SF,,False,False
43637531,150874,1646835,636,6163205,Laura Juskaite,TOR,SF,,False,False
43637532,150874,1079988,633,6163206,Michaela Onyenwere,WAS,SF,,False,False
43637533,150874,1079988,465,6163206,Michaela Onyenwere,WAS,SF,,False,False
43637534,150874,1079988,636,6163206,Michaela Onyenwere,WAS,SF,,False,False
43637535,150874,1383345,464,6163207,Jade Melbourne,SEA,PG,,False,False
43637536,150874,1383345,465,6163207,Jade Melbourne,SEA,PG,,False,False
43637537,150874,1383345,636,6163207,Jade Melbourne,SEA,PG,,False,False
43637538,150874,694553,464,6163205,Jewell Loyd,LVA,PG,,False,False
43637539,150874,694553,465,6163205,Jewell Loyd,LVA,PG,,False,False
43637540,150874,694553,636,6163205,Jewell Loyd,LVA,PG,,False,False
43637541,150874,619369,633,6163206,Kiah Stokes,GSV,SF,,False,False
43637542,150874,619369,465,6163206,Kiah Stokes,GSV,SF,,False,False
43637543,150874,619369,636,6163206,Kiah Stokes,GSV,SF,,False,False
43637544,150874,1165026,633,6163207,Ezi Magbegor,SEA,SF,,False,False
43637545,150874,1165026,465,6163207,Ezi Magbegor,SEA,SF,,False,False
43637546,150874,1165026,636,6163207,Ezi Magbegor,SEA,SF,,False,False
43637547,150874,1074085,633,6163206,Cecilia Zandalasini,GSV,SF,,False,False
43637548,150874,1074085,465,6163206,Cecilia Zandalasini,GSV,SF,,False,False
43637549,150874,1074085,636,6163206,Cecilia Zandalasini,GSV,SF,,False,False
43637550,150874,473026,464,6163206,Tiffany Hayes,GSV,PG,,False,False
43637551,150874,473026,465,6163206,Tiffany Hayes,GSV,PG,,False,False
43637552,150874,473026,636,6163206,Tiffany Hayes,GSV,PG,,False,False
43637553,150874,945094,464,6163206,Kaila Charles,GSV,PG,,False,False
43637554,150874,945094,465,6163206,Kaila Charles,GSV,PG,,False,False
43637555,150874,945094,636,6163206,Kaila Charles,GSV,PG,,False,False
43637556,150874,1346972,464,6163206,Kaitlyn Chen,GSV,PG,,False,False
43637557,150874,1346972,465,6163206,Kaitlyn Chen,GSV,PG,,False,False
43637558,150874,1346972,636,6163206,Kaitlyn Chen,GSV,PG,,False,False
43637559,150874,1409996,633,6163206,Lauren Betts,WAS,SF,,False,False
43637560,150874,1409996,465,6163206,Lauren Betts,WAS,SF,,False,False
43637561,150874,1409996,636,6163206,Lauren Betts,WAS,SF,,False,False
43637562,150874,571423,633,6163205,Cheyenne Parker-Tyus,LVA,SF,,False,False
43637563,150874,571423,465,6163205,Cheyenne Parker-Tyus,LVA,SF,,False,False
43637564,150874,571423,636,6163205,Cheyenne Parker-Tyus,LVA,SF,,False,False
43637565,150874,619768,633,6163205,Temi Fagbenle,TOR,SF,,False,False
43637566,150874,619768,465,6163205,Temi Fagbenle,TOR,SF,,False,False
43637567,150874,619768,636,6163205,Temi Fagbenle,TOR,SF,,False,False
43637568,150874,1239247,464,6163206,Georgia Amoore,WAS,PG,,False,False
43637569,150874,1239247,465,6163206,Georgia Amoore,WAS,PG,,False,False
43637570,150874,1239247,636,6163206,Georgia Amoore,WAS,PG,,False,False
43637571,150874,1138482,633,6163207,Dorka Juhasz,MIN,SF,,False,False
43637572,150874,1138482,465,6163207,Dorka Juhasz,MIN,SF,,False,False
43637573,150874,1138482,636,6163207,Dorka Juhasz,MIN,SF,,False,False
43637574,150874,1418182,633,6163206,Cotie McMahon,WAS,SF,,False,False
43637575,150874,1418182,465,6163206,Cotie McMahon,WAS,SF,,False,False
43637576,150874,1418182,636,6163206,Cotie McMahon,WAS,SF,,False,False
43637577,150874,1313708,464,6163207,Antonia Delaere,MIN,PG,,False,False
43637578,150874,1313708,465,6163207,Antonia Delaere,MIN,PG,,False,False
43637579,150874,1313708,636,6163207,Antonia Delaere,MIN,PG,,False,False
43637580,150874,1192652,633,6163206,Laeticia Amihere,GSV,SF,,False,False
43637581,150874,1192652,465,6163206,Laeticia Amihere,GSV,SF,,False,False
43637582,150874,1192652,636,6163206,Laeticia Amihere,GSV,SF,,False,False
43637583,150874,1179124,633,6163207,Jordan Horston,SEA,SF,,False,False
43637584,150874,1179124,465,6163207,Jordan Horston,SEA,SF,,False,False
43637585,150874,1179124,636,6163207,Jordan Horston,SEA,SF,,False,False
43637586,150874,839858,464,6163205,Kia Nurse,TOR,PG,,False,False
43637587,150874,839858,465,6163205,Kia Nurse,TOR,PG,,False,False
43637588,150874,839858,636,6163205,Kia Nurse,TOR,PG,,False,False
43637589,150874,923878,633,6163205,Stephanie Talbot,LVA,SF,,False,False
43637590,150874,923878,465,6163205,Stephanie Talbot,LVA,SF,,False,False
43637591,150874,923878,636,6163205,Stephanie Talbot,LVA,SF,,False,False
43637592,150874,1650029,464,6163206,Alicia Florez,WAS,PG,,False,False
43637593,150874,1650029,465,6163206,Alicia Florez,WAS,PG,,False,False
43637594,150874,1650029,636,6163206,Alicia Florez,WAS,PG,,False,False
43637595,150874,1071273,464,6163205,Dana Evans,LVA,PG,,False,False
43637596,150874,1071273,465,6163205,Dana Evans,LVA,PG,,False,False
43637597,150874,1071273,636,6163205,Dana Evans,LVA,PG,,False,False
43637598,150874,880872,633,6163207,Katie Lou Samuelson,SEA,SF,,False,False
43637599,150874,880872,465,6163207,Katie Lou Samuelson,SEA,SF,,False,False
43637600,150874,880872,636,6163207,Katie Lou Samuelson,SEA,SF,,False,False
43637601,150874,1582293,633,6163207,Anastasiia Olairi Kosu,MIN,SF,,False,False
43637602,150874,1582293,465,6163207,Anastasiia Olairi Kosu,MIN,SF,,False,False
43637603,150874,1582293,636,6163207,Anastasiia Olairi Kosu,MIN,SF,,False,False
43637604,150874,1514083,464,6163205,Mai Yamamoto,LVA,PG,,False,False
43637605,150874,1514083,465,6163205,Mai Yamamoto,LVA,PG,,False,False
43637606,150874,1514083,636,6163205,Mai Yamamoto,LVA,PG,,False,False
43637607,150874,520308,633,6163205,Kayla Alexander,TOR,SF,,False,False
43637608,150874,520308,465,6163205,Kayla Alexander,TOR,SF,,False,False
43637609,150874,520308,636,6163205,Kayla Alexander,TOR,SF,,False,False
43637610,150874,1178936,633,6163205,Kierstan Bell,LVA,SF,,False,False
43637611,150874,1178936,465,6163205,Kierstan Bell,LVA,SF,,False,False
43637612,150874,1178936,636,6163205,Kierstan Bell,LVA,SF,,False,False
43637613,150874,1192640,464,6163207,Zia Cooke,SEA,PG,,False,False
43637614,150874,1192640,465,6163207,Zia Cooke,SEA,PG,,False,False
43637615,150874,1192640,636,6163207,Zia Cooke,SEA,PG,,False,False
43637616,150874,1432600,464,6163206,Cassandre Prosper,WAS,PG,,False,False
43637617,150874,1432600,465,6163206,Cassandre Prosper,WAS,PG,,False,False
43637618,150874,1432600,636,6163206,Cassandre Prosper,WAS,PG,,False,False
43637619,150874,1062313,464,6163207,Maya Caldwell,MIN,PG,,False,False
43637620,150874,1062313,465,6163207,Maya Caldwell,MIN,PG,,False,False
43637621,150874,1062313,636,6163207,Maya Caldwell,MIN,PG,,False,False
43637622,150874,1240231,633,6163206,Angela Dugalic,WAS,SF,,False,False
43637623,150874,1240231,465,6163206,Angela Dugalic,WAS,SF,,False,False
43637624,150874,1240231,636,6163206,Angela Dugalic,WAS,SF,,False,False
43637625,150874,1413148,633,6163205,Justine Pissott,LVA,SF,,False,False
43637626,150874,1413148,465,6163205,Justine Pissott,LVA,SF,,False,False
43637627,150874,1413148,636,6163205,Justine Pissott,LVA,SF,,False,False
43637628,150874,1651910,464,6163205,Tima Pouye,TOR,PG,,False,False
43637629,150874,1651910,465,6163205,Tima Pouye,TOR,PG,,False,False
43637630,150874,1651910,636,6163205,Tima Pouye,TOR,PG,,False,False
43637631,150874,832887,633,6163205,Brianna Turner,LVA,SF,,False,False
43637632,150874,832887,465,6163205,Brianna Turner,LVA,SF,,False,False
43637633,150874,832887,636,6163205,Brianna Turner,LVA,SF,,False,False
43637634,150874,573848,633,6163207,Stefanie Dolson,SEA,SF,,False,False
43637635,150874,573848,465,6163207,Stefanie Dolson,SEA,SF,,False,False
43637636,150874,573848,636,6163207,Stefanie Dolson,SEA,SF,,False,False
43637637,150874,1347014,464,6163206,Lucy Olsen,WAS,PG,,False,False
43637638,150874,1347014,465,6163206,Lucy Olsen,WAS,PG,,False,False
43637639,150874,1347014,636,6163206,Lucy Olsen,WAS,PG,,False,False
43637640,150874,1236981,633,6163207,Liatu King,MIN,SF,,False,False
43637641,150874,1236981,465,6163207,Liatu King,MIN,SF,,False,False
43637642,150874,1236981,636,6163207,Liatu King,MIN,SF,,False,False
43637643,150874,1646983,464,6163207,Eliska Hamzova,MIN,PG,,False,False
43637644,150874,1646983,465,6163207,Eliska Hamzova,MIN,PG,,False,False
43637645,150874,1646983,636,6163207,Eliska Hamzova,MIN,PG,,False,False
43637646,150874,1329604,633,6163205,Teonni Key,TOR,SF,,False,False
43637647,150874,1329604,465,6163205,Teonni Key,TOR,SF,,False,False
43637648,150874,1329604,636,6163205,Teonni Key,TOR,SF,,False,False
43637649,150874,1282439,633,6163206,Iliana Rupert,GSV,SF,,False,False
43637650,150874,1282439,465,6163206,Iliana Rupert,GSV,SF,,False,False
43637651,150874,1282439,636,6163206,Iliana Rupert,GSV,SF,,False,False
43637652,150874,1646982,633,6163207,Emma Cechova,MIN,SF,,False,False
43637653,150874,1646982,465,6163207,Emma Cechova,MIN,SF,,False,False
43637654,150874,1646982,636,6163207,Emma Cechova,MIN,SF,,False,False
43637655,150874,1408734,464,6163207,Taina Mair,SEA,PG,,False,False
43637656,150874,1408734,465,6163207,Taina Mair,SEA,PG,,False,False
43637657,150874,1408734,636,6163207,Taina Mair,SEA,PG,,False,False
43637658,150874,1178630,633,6163207,Mackenzie Holmes,SEA,SF,,False,False
43637659,150874,1178630,465,6163207,Mackenzie Holmes,SEA,SF,,False,False
43637660,150874,1178630,636,6163207,Mackenzie Holmes,SEA,SF,,False,False
43637661,150874,1408674,464,6163205,Ta'Niya Latson,LVA,PG,,False,False
43637662,150874,1408674,465,6163205,Ta'Niya Latson,LVA,PG,,False,False
43637663,150874,1408674,636,6163205,Ta'Niya Latson,LVA,PG,,False,False
43637664,150874,945689,633,6163206,Nadia Fingall,GSV,SF,,False,False
43637665,150874,945689,465,6163206,Nadia Fingall,GSV,SF,,False,False
43637666,150874,945689,636,6163206,Nadia Fingall,GSV,SF,,False,False
43637667,150874,1329933,464,6163206,Rori Harmon,WAS,PG,,False,False
43637668,150874,1329933,465,6163206,Rori Harmon,WAS,PG,,False,False
43637669,150874,1329933,636,6163206,Rori Harmon,WAS,PG,,False,False
43637670,150874,1329658,633,6163207,Taylor Thierry,SEA,SF,,False,False
43637671,150874,1329658,465,6163207,Taylor Thierry,SEA,SF,,False,False
43637672,150874,1329658,636,6163207,Taylor Thierry,SEA,SF,,False,False
43637673,150874,1655742,633,6163205,Ornella Bankole,TOR,SF,,False,False
43637674,150874,1655742,465,6163205,Ornella Bankole,TOR,SF,,False,False
43637675,150874,1655742,636,6163205,Ornella Bankole,TOR,SF,,False,False
43637676,150874,1189691,633,6163206,Ashten Prechtel,GSV,SF,,False,False
43637677,150874,1189691,465,6163206,Ashten Prechtel,GSV,SF,,False,False
43637678,150874,1189691,636,6163206,Ashten Prechtel,GSV,SF,,False,False
43637679,150874,1646923,464,6163206,Miela Sowah,GSV,PG,,False,False
43637680,150874,1646923,465,6163206,Miela Sowah,GSV,PG,,False,False
43637681,150874,1646923,636,6163206,Miela Sowah,GSV,PG,,False,False
43637682,150874,1416002,633,6163205,Janiah Barker,LVA,SF,,False,False
43637683,150874,1416002,465,6163205,Janiah Barker,LVA,SF,,False,False
43637684,150874,1416002,636,6163205,Janiah Barker,LVA,SF,,False,False
43637685,150874,1409781,633,6163206,Darianna Littlepage-Buggs,WAS,SF,,False,False
43637686,150874,1409781,465,6163206,Darianna Littlepage-Buggs,WAS,SF,,False,False
43637687,150874,1409781,636,6163206,Darianna Littlepage-Buggs,WAS,SF,,False,False
43637688,150874,1582285,633,6163206,Juste Jocyte,GSV,SF,,False,False
43637689,150874,1582285,465,6163206,Juste Jocyte,GSV,SF,,False,False
43637690,150874,1582285,636,6163206,Juste Jocyte,GSV,SF,,False,False
43637691,150875,850200,672,6163205,A'ja Wilson,LVA,SF/PF,,False,True
43637692,150875,574059,672,6163207,Natasha Howard,MIN,SF/PF,,False,True
43637693,150875,923865,672,6163205,Jackie Young,LVA,PG/SG,,False,True
43637694,150875,881835,672,6163205,Marina Mabrey,TOR,PG/SG,,False,True
43637695,150875,1268935,672,6163207,Olivia Miles,MIN,PG/SG,,False,True
43637696,150875,880871,672,6163207,Napheesa Collier,MIN,SF/PF,,False,True
43637697,150875,1511557,672,6163207,Dominique Malonga,SEA,SF/PF,,False,True
43637698,150875,1127121,672,6163206,Shakira Austin,WAS,SF/PF,,False,True
43637699,150875,574369,672,6163207,Kayla McBride,MIN,PG/SG,,False,True
43637700,150875,695695,672,6163205,Brittney Sykes,TOR,PG/SG,,False,True
43637701,150875,1409434,672,6163207,Flau'Jae Johnson,SEA,PG/SG,,False,True
43637702,150875,695504,672,6163207,Courtney Williams,MIN,PG/SG,,False,True
43637703,150875,883614,672,6163207,Natisha Hiedeman,SEA,PG/SG,,False,True
43637704,150875,1329912,672,6163206,Kiki Iriafen,WAS,SF/PF,,False,True
43637705,150875,839859,672,6163206,Gabby Williams,GSV,SF/PF,,False,True
43637706,150875,573744,672,6163205,Chelsea Gray,LVA,PG/SG,,False,True
43637707,150875,1514656,672,6163207,Awa Fam,SEA,SF/PF,,False,True
43637708,150875,747542,672,6163207,Nia Coffey,MIN,SF/PF,,False,True
43637709,150875,1127174,672,6163206,Veronica Burton,GSV,PG/SG,,False,True
43637710,150875,1217310,672,6163205,Julie Allemand,TOR,PG/SG,,False,True
43637711,150875,620494,672,6163205,Isabelle Harrison,TOR,SF/PF,,False,True
43637712,150875,1511559,672,6163206,Janelle Salaun,GSV,SF/PF,,False,True
43637713,150875,881754,672,6163205,Maria Conde,TOR,SF/PF,,False,True
43637714,150875,1132717,672,6163205,Nyara Sabally,TOR,SF/PF,,False,True
43637715,150875,1353845,672,6163206,Sonia Citron,WAS,PG/SG,,False,True
43637716,150875,570043,672,6163206,Kayla Thornton,GSV,SF/PF,,False,True
43637717,150875,1410325,672,6163205,Kiki Rice,TOR,PG/SG,,False,True
43637718,150875,1125559,672,6163205,NaLyssa Smith,LVA,SF/PF,,False,True
43637719,150875,1646835,672,6163205,Laura Juskaite,TOR,SF/PF,,False,True
43637720,150875,1079988,672,6163206,Michaela Onyenwere,WAS,SF/PF,,False,True
43637721,150875,1383345,672,6163207,Jade Melbourne,SEA,PG/SG,,False,True
43637722,150875,694553,672,6163205,Jewell Loyd,LVA,PG/SG,,False,True
43637723,150875,619369,672,6163206,Kiah Stokes,GSV,SF/PF,,False,True
43637724,150875,1165026,672,6163207,Ezi Magbegor,SEA,SF/PF,,False,True
43637725,150875,1074085,672,6163206,Cecilia Zandalasini,GSV,SF/PF,,False,True
43637726,150875,473026,672,6163206,Tiffany Hayes,GSV,PG/SG,,False,True
43637727,150875,945094,672,6163206,Kaila Charles,GSV,PG/SG,,False,True
43637728,150875,1346972,672,6163206,Kaitlyn Chen,GSV,PG/SG,,False,True
43637729,150875,1409996,672,6163206,Lauren Betts,WAS,SF/PF,,False,True
43637730,150875,571423,672,6163205,Cheyenne Parker-Tyus,LVA,SF/PF,,False,True
43637731,150875,619768,672,6163205,Temi Fagbenle,TOR,SF/PF,,False,True
43637732,150875,1239247,672,6163206,Georgia Amoore,WAS,PG/SG,,False,True
43637733,150875,1138482,672,6163207,Dorka Juhasz,MIN,SF/PF,,False,True
43637734,150875,1418182,672,6163206,Cotie McMahon,WAS,SF/PF,,False,True
43637735,150875,1313708,672,6163207,Antonia Delaere,MIN,PG/SG,,False,True
43637736,150875,1192652,672,6163206,Laeticia Amihere,GSV,SF/PF,,False,True
43637737,150875,1179124,672,6163207,Jordan Horston,SEA,SF/PF,,False,True
43637738,150875,839858,672,6163205,Kia Nurse,TOR,PG/SG,,False,True
43637739,150875,923878,672,6163205,Stephanie Talbot,LVA,SF/PF,,False,True
43637740,150875,1650029,672,6163206,Alicia Florez,WAS,PG/SG,,False,True
43637741,150875,1071273,672,6163205,Dana Evans,LVA,PG/SG,,False,True
43637742,150875,880872,672,6163207,Katie Lou Samuelson,SEA,SF/PF,,False,True
43637743,150875,1582293,672,6163207,Anastasiia Olairi Kosu,MIN,SF/PF,,False,True
43637744,150875,1514083,672,6163205,Mai Yamamoto,LVA,PG/SG,,False,True
43637745,150875,520308,672,6163205,Kayla Alexander,TOR,SF/PF,,False,True
43637746,150875,1178936,672,6163205,Kierstan Bell,LVA,SF/PF,,False,True
43637747,150875,1192640,672,6163207,Zia Cooke,SEA,PG/SG,,False,True
43637748,150875,1432600,672,6163206,Cassandre Prosper,WAS,PG/SG,,False,True
43637749,150875,1062313,672,6163207,Maya Caldwell,MIN,PG/SG,,False,True
43637750,150875,1240231,672,6163206,Angela Dugalic,WAS,SF/PF,,False,True
43637751,150875,1413148,672,6163205,Justine Pissott,LVA,SF/PF,,False,True
43637752,150875,1651910,672,6163205,Tima Pouye,TOR,PG/SG,,False,True
43637753,150875,832887,672,6163205,Brianna Turner,LVA,SF/PF,,False,True
43637754,150875,573848,672,6163207,Stefanie Dolson,SEA,SF/PF,,False,True
43637755,150875,1347014,672,6163206,Lucy Olsen,WAS,PG/SG,,False,True
43637756,150875,1236981,672,6163207,Liatu King,MIN,SF/PF,,False,True
43637757,150875,1646983,672,6163207,Eliska Hamzova,MIN,PG/SG,,False,True
43637758,150875,1329604,672,6163205,Teonni Key,TOR,SF/PF,,False,True
43637759,150875,1282439,672,6163206,Iliana Rupert,GSV,SF/PF,,False,True
43637760,150875,1646982,672,6163207,Emma Cechova,MIN,SF/PF,,False,True
43637761,150875,1408734,672,6163207,Taina Mair,SEA,PG/SG,,False,True
43637762,150875,1178630,672,6163207,Mackenzie Holmes,SEA,SF/PF,,False,True
43637763,150875,1408674,672,6163205,Ta'Niya Latson,LVA,PG/SG,,False,True
43637764,150875,945689,672,6163206,Nadia Fingall,GSV,SF/PF,,False,True
43637765,150875,1329933,672,6163206,Rori Harmon,WAS,PG/SG,,False,True
43637766,150875,1329658,672,6163207,Taylor Thierry,SEA,SF/PF,,False,True
43637767,150875,1655742,672,6163205,Ornella Bankole,TOR,SF/PF,,False,True
43637768,150875,1189691,672,6163206,Ashten Prechtel,GSV,SF/PF,,False,True
43637769,150875,1646923,672,6163206,Miela Sowah,GSV,PG/SG,,False,True
43637770,150875,1416002,672,6163205,Janiah Barker,LVA,SF/PF,,False,True
43637771,150875,1409781,672,6163206,Darianna Littlepage-Buggs,WAS,SF/PF,,False,True
43637772,150875,1582285,672,6163206,Juste Jocyte,GSV,SF/PF,,False,True
43637773,150877,574059,226,6163207,Natasha Howard,MIN,SF/PF,11000.0,False,True
43637774,150877,574059,227,6163207,Natasha Howard,MIN,SF/PF,11000.0,False,True
43637775,150877,1268935,225,6163207,Olivia Miles,MIN,PG/SG,10600.0,False,True
43637776,150877,1268935,227,6163207,Olivia Miles,MIN,PG/SG,10600.0,False,True
43637777,150877,880871,226,6163207,Napheesa Collier,MIN,SF/PF,10300.0,False,True
43637778,150877,880871,227,6163207,Napheesa Collier,MIN,SF/PF,10300.0,False,True
43637779,150877,1511557,226,6163207,Dominique Malonga,SEA,SF/PF,10100.0,False,True
43637780,150877,1511557,227,6163207,Dominique Malonga,SEA,SF/PF,10100.0,False,True
43637781,150877,1127121,226,6163206,Shakira Austin,WAS,SF/PF,9900.0,False,True
43637782,150877,1127121,227,6163206,Shakira Austin,WAS,SF/PF,9900.0,False,True
43637783,150877,574369,225,6163207,Kayla McBride,MIN,PG/SG,9700.0,False,True
43637784,150877,574369,227,6163207,Kayla McBride,MIN,PG/SG,9700.0,False,True
43637785,150877,1409434,225,6163207,Flau'Jae Johnson,SEA,PG/SG,9500.0,False,True
43637786,150877,1409434,227,6163207,Flau'Jae Johnson,SEA,PG/SG,9500.0,False,True
43637787,150877,695504,225,6163207,Courtney Williams,MIN,PG/SG,9400.0,False,True
43637788,150877,695504,227,6163207,Courtney Williams,MIN,PG/SG,9400.0,False,True
43637789,150877,883614,225,6163207,Natisha Hiedeman,SEA,PG/SG,9200.0,False,True
43637790,150877,883614,227,6163207,Natisha Hiedeman,SEA,PG/SG,9200.0,False,True
43637791,150877,1329912,226,6163206,Kiki Iriafen,WAS,SF/PF,9100.0,False,True
43637792,150877,1329912,227,6163206,Kiki Iriafen,WAS,SF/PF,9100.0,False,True
43637793,150877,839859,226,6163206,Gabby Williams,GSV,SF/PF,9000.0,False,True
43637794,150877,839859,227,6163206,Gabby Williams,GSV,SF/PF,9000.0,False,True
43637795,150877,1514656,226,6163207,Awa Fam,SEA,SF/PF,8800.0,False,True
43637796,150877,1514656,227,6163207,Awa Fam,SEA,SF/PF,8800.0,False,True
43637797,150877,747542,226,6163207,Nia Coffey,MIN,SF/PF,8600.0,False,True
43637798,150877,747542,227,6163207,Nia Coffey,MIN,SF/PF,8600.0,False,True
43637799,150877,1127174,225,6163206,Veronica Burton,GSV,PG/SG,8400.0,False,True
43637800,150877,1127174,227,6163206,Veronica Burton,GSV,PG/SG,8400.0,False,True
43637801,150877,1511559,226,6163206,Janelle Salaun,GSV,SF/PF,8000.0,False,True
43637802,150877,1511559,227,6163206,Janelle Salaun,GSV,SF/PF,8000.0,False,True
43637803,150877,1353845,225,6163206,Sonia Citron,WAS,PG/SG,7700.0,False,True
43637804,150877,1353845,227,6163206,Sonia Citron,WAS,PG/SG,7700.0,False,True
43637805,150877,570043,226,6163206,Kayla Thornton,GSV,SF/PF,7600.0,False,True
43637806,150877,570043,227,6163206,Kayla Thornton,GSV,SF/PF,7600.0,False,True
43637807,150877,1079988,226,6163206,Michaela Onyenwere,WAS,SF/PF,6400.0,False,True
43637808,150877,1079988,227,6163206,Michaela Onyenwere,WAS,SF/PF,6400.0,False,True
43637809,150877,1383345,225,6163207,Jade Melbourne,SEA,PG/SG,6300.0,False,True
43637810,150877,1383345,227,6163207,Jade Melbourne,SEA,PG/SG,6300.0,False,True
43637811,150877,619369,226,6163206,Kiah Stokes,GSV,SF/PF,6100.0,False,True
43637812,150877,619369,227,6163206,Kiah Stokes,GSV,SF/PF,6100.0,False,True
43637813,150877,1165026,226,6163207,Ezi Magbegor,SEA,SF/PF,6000.0,False,True
43637814,150877,1165026,227,6163207,Ezi Magbegor,SEA,SF/PF,6000.0,False,True
43637815,150877,1074085,226,6163206,Cecilia Zandalasini,GSV,SF/PF,5900.0,False,True
43637816,150877,1074085,227,6163206,Cecilia Zandalasini,GSV,SF/PF,5900.0,False,True
43637817,150877,473026,225,6163206,Tiffany Hayes,GSV,PG/SG,5800.0,False,True
43637818,150877,473026,227,6163206,Tiffany Hayes,GSV,PG/SG,5800.0,False,True
43637819,150877,945094,225,6163206,Kaila Charles,GSV,PG/SG,5400.0,False,True
43637820,150877,945094,227,6163206,Kaila Charles,GSV,PG/SG,5400.0,False,True
43637821,150877,1346972,225,6163206,Kaitlyn Chen,GSV,PG/SG,5300.0,False,True
43637822,150877,1346972,227,6163206,Kaitlyn Chen,GSV,PG/SG,5300.0,False,True
43637823,150877,1409996,226,6163206,Lauren Betts,WAS,SF/PF,5200.0,False,True
43637824,150877,1409996,227,6163206,Lauren Betts,WAS,SF/PF,5200.0,False,True
43637825,150877,1239247,225,6163206,Georgia Amoore,WAS,PG/SG,4800.0,False,True
43637826,150877,1239247,227,6163206,Georgia Amoore,WAS,PG/SG,4800.0,False,True
43637827,150877,1138482,226,6163207,Dorka Juhasz,MIN,SF/PF,4700.0,False,True
43637828,150877,1138482,227,6163207,Dorka Juhasz,MIN,SF/PF,4700.0,False,True
43637829,150877,1418182,226,6163206,Cotie McMahon,WAS,SF/PF,4600.0,False,True
43637830,150877,1418182,227,6163206,Cotie McMahon,WAS,SF/PF,4600.0,False,True
43637831,150877,1313708,225,6163207,Antonia Delaere,MIN,PG/SG,4500.0,False,True
43637832,150877,1313708,227,6163207,Antonia Delaere,MIN,PG/SG,4500.0,False,True
43637833,150877,1192652,226,6163206,Laeticia Amihere,GSV,SF/PF,4400.0,False,True
43637834,150877,1192652,227,6163206,Laeticia Amihere,GSV,SF/PF,4400.0,False,True
43637835,150877,1179124,226,6163207,Jordan Horston,SEA,SF/PF,4300.0,False,True
43637836,150877,1179124,227,6163207,Jordan Horston,SEA,SF/PF,4300.0,False,True
43637837,150877,1650029,225,6163206,Alicia Florez,WAS,PG/SG,4000.0,False,True
43637838,150877,1650029,227,6163206,Alicia Florez,WAS,PG/SG,4000.0,False,True
43637839,150877,880872,226,6163207,Katie Lou Samuelson,SEA,SF/PF,3800.0,False,True
43637840,150877,880872,227,6163207,Katie Lou Samuelson,SEA,SF/PF,3800.0,False,True
43637841,150877,1582293,226,6163207,Anastasiia Olairi Kosu,MIN,SF/PF,3700.0,False,True
43637842,150877,1582293,227,6163207,Anastasiia Olairi Kosu,MIN,SF/PF,3700.0,False,True
43637843,150877,1192640,225,6163207,Zia Cooke,SEA,PG/SG,3500.0,False,True
43637844,150877,1192640,227,6163207,Zia Cooke,SEA,PG/SG,3500.0,False,True
43637845,150877,1432600,225,6163206,Cassandre Prosper,WAS,PG/SG,3500.0,False,True
43637846,150877,1432600,227,6163206,Cassandre Prosper,WAS,PG/SG,3500.0,False,True
43637847,150877,1062313,225,6163207,Maya Caldwell,MIN,PG/SG,3400.0,False,True
43637848,150877,1062313,227,6163207,Maya Caldwell,MIN,PG/SG,3400.0,False,True
43637849,150877,1240231,226,6163206,Angela Dugalic,WAS,SF/PF,3400.0,False,True
43637850,150877,1240231,227,6163206,Angela Dugalic,WAS,SF/PF,3400.0,False,True
43637851,150877,573848,226,6163207,Stefanie Dolson,SEA,SF/PF,3200.0,False,True
43637852,150877,573848,227,6163207,Stefanie Dolson,SEA,SF/PF,3200.0,False,True
43637853,150877,1347014,225,6163206,Lucy Olsen,WAS,PG/SG,3100.0,False,True
43637854,150877,1347014,227,6163206,Lucy Olsen,WAS,PG/SG,3100.0,False,True
43637855,150877,1236981,226,6163207,Liatu King,MIN,SF/PF,3100.0,False,True
43637856,150877,1236981,227,6163207,Liatu King,MIN,SF/PF,3100.0,False,True
43637857,150877,1646983,225,6163207,Eliska Hamzova,MIN,PG/SG,3000.0,False,True
43637858,150877,1646983,227,6163207,Eliska Hamzova,MIN,PG/SG,3000.0,False,True
43637859,150877,1282439,226,6163206,Iliana Rupert,GSV,SF/PF,3000.0,False,True
43637860,150877,1282439,227,6163206,Iliana Rupert,GSV,SF/PF,3000.0,False,True
43637861,150877,1646982,226,6163207,Emma Cechova,MIN,SF/PF,3000.0,False,True
43637862,150877,1646982,227,6163207,Emma Cechova,MIN,SF/PF,3000.0,False,True
43637863,150877,1408734,225,6163207,Taina Mair,SEA,PG/SG,3000.0,False,True
43637864,150877,1408734,227,6163207,Taina Mair,SEA,PG/SG,3000.0,False,True
43637865,150877,1178630,226,6163207,Mackenzie Holmes,SEA,SF/PF,3000.0,False,True
43637866,150877,1178630,227,6163207,Mackenzie Holmes,SEA,SF/PF,3000.0,False,True
43637867,150877,945689,226,6163206,Nadia Fingall,GSV,SF/PF,3000.0,False,True
43637868,150877,945689,227,6163206,Nadia Fingall,GSV,SF/PF,3000.0,False,True
43637869,150877,1329933,225,6163206,Rori Harmon,WAS,PG/SG,3000.0,False,True
43637870,150877,1329933,227,6163206,Rori Harmon,WAS,PG/SG,3000.0,False,True
43637871,150877,1329658,226,6163207,Taylor Thierry,SEA,SF/PF,3000.0,False,True
43637872,150877,1329658,227,6163207,Taylor Thierry,SEA,SF/PF,3000.0,False,True
43637873,150877,1189691,226,6163206,Ashten Prechtel,GSV,SF/PF,3000.0,False,True
43637874,150877,1189691,227,6163206,Ashten Prechtel,GSV,SF/PF,3000.0,False,True
43637875,150877,1646923,225,6163206,Miela Sowah,GSV,PG/SG,3000.0,False,True
43637876,150877,1646923,227,6163206,Miela Sowah,GSV,PG/SG,3000.0,False,True
43637877,150877,1409781,226,6163206,Darianna Littlepage-Buggs,WAS,SF/PF,3000.0,False,True
43637878,150877,1409781,227,6163206,Darianna Littlepage-Buggs,WAS,SF/PF,3000.0,False,True
43637879,150877,1582285,226,6163206,Juste Jocyte,GSV,SF/PF,3000.0,False,True
43637880,150877,1582285,227,6163206,Juste Jocyte,GSV,SF/PF,3000.0,False,True
43637881,150876,850200,475,6163205,A'ja Wilson,LVA,SF/PF,12600.0,False,True
43637882,150876,923865,475,6163205,Jackie Young,LVA,PG/SG,10800.0,False,True
43637883,150876,881835,475,6163205,Marina Mabrey,TOR,PG/SG,10600.0,False,True
43637884,150876,620494,475,6163205,Isabelle Harrison,TOR,SF/PF,8600.0,False,True
43637885,150876,573744,475,6163205,Chelsea Gray,LVA,PG/SG,8400.0,False,True
43637886,150876,1217310,475,6163205,Julie Allemand,TOR,PG/SG,7200.0,False,True
43637887,150876,881754,475,6163205,Maria Conde,TOR,SF/PF,7000.0,False,True
43637888,150876,1132717,475,6163205,Nyara Sabally,TOR,SF/PF,6800.0,False,True
43637889,150876,1646835,475,6163205,Laura Juskaite,TOR,SF/PF,6400.0,False,True
43637890,150876,1125559,475,6163205,NaLyssa Smith,LVA,SF/PF,6200.0,False,True
43637891,150876,694553,475,6163205,Jewell Loyd,LVA,PG/SG,5400.0,False,True
43637892,150876,619768,475,6163205,Temi Fagbenle,TOR,SF/PF,4600.0,False,True
43637893,150876,571423,475,6163205,Cheyenne Parker-Tyus,LVA,SF/PF,4400.0,False,True
43637894,150876,520308,475,6163205,Kayla Alexander,TOR,SF/PF,4000.0,False,True
43637895,150876,923878,475,6163205,Stephanie Talbot,LVA,SF/PF,3800.0,False,True
43637896,150876,1071273,475,6163205,Dana Evans,LVA,PG/SG,3600.0,False,True
43637897,150876,839858,475,6163205,Kia Nurse,TOR,PG/SG,3400.0,False,True
43637898,150876,1514083,475,6163205,Mai Yamamoto,LVA,PG/SG,3200.0,False,True
43637899,150876,1651910,475,6163205,Tima Pouye,TOR,PG/SG,3000.0,False,True
43637900,150876,1178936,475,6163205,Kierstan Bell,LVA,SF/PF,2800.0,False,True
43637901,150876,1413148,475,6163205,Justine Pissott,LVA,SF/PF,2600.0,False,True
43637902,150876,832887,475,6163205,Brianna Turner,LVA,SF/PF,2400.0,False,True
43637903,150876,1329604,475,6163205,Teonni Key,TOR,SF/PF,2200.0,False,True
43637904,150876,1655742,475,6163205,Ornella Bankole,TOR,SF/PF,2000.0,False,True
43637905,150876,1408674,475,6163205,Ta'Niya Latson,LVA,PG/SG,2000.0,False,True
43637906,150876,695695,475,6163205,Brittney Sykes,TOR,PG/SG,9400.0,False,True
43637907,150876,1410325,475,6163205,Kiki Rice,TOR,PG/SG,6600.0,False,True
43637908,150876,1416002,475,6163205,Janiah Barker,LVA,SF/PF,2000.0,False,True
43637909,150876,850200,476,6163205,A'ja Wilson,LVA,SF/PF,18900.0,False,True
43637910,150876,923865,476,6163205,Jackie Young,LVA,PG/SG,16200.0,False,True
43637911,150876,881835,476,6163205,Marina Mabrey,TOR,PG/SG,15900.0,False,True
43637912,150876,620494,476,6163205,Isabelle Harrison,TOR,SF/PF,12900.0,False,True
43637913,150876,573744,476,6163205,Chelsea Gray,LVA,PG/SG,12600.0,False,True
43637914,150876,1217310,476,6163205,Julie Allemand,TOR,PG/SG,10800.0,False,True
43637915,150876,881754,476,6163205,Maria Conde,TOR,SF/PF,10500.0,False,True
43637916,150876,1132717,476,6163205,Nyara Sabally,TOR,SF/PF,10200.0,False,True
43637917,150876,1646835,476,6163205,Laura Juskaite,TOR,SF/PF,9600.0,False,True
43637918,150876,1125559,476,6163205,NaLyssa Smith,LVA,SF/PF,9300.0,False,True
43637919,150876,694553,476,6163205,Jewell Loyd,LVA,PG/SG,8100.0,False,True
43637920,150876,619768,476,6163205,Temi Fagbenle,TOR,SF/PF,6900.0,False,True
43637921,150876,571423,476,6163205,Cheyenne Parker-Tyus,LVA,SF/PF,6600.0,False,True
43637922,150876,520308,476,6163205,Kayla Alexander,TOR,SF/PF,6000.0,False,True
43637923,150876,923878,476,6163205,Stephanie Talbot,LVA,SF/PF,5700.0,False,True
43637924,150876,1071273,476,6163205,Dana Evans,LVA,PG/SG,5400.0,False,True
43637925,150876,839858,476,6163205,Kia Nurse,TOR,PG/SG,5100.0,False,True
43637926,150876,1514083,476,6163205,Mai Yamamoto,LVA,PG/SG,4800.0,False,True
43637927,150876,1651910,476,6163205,Tima Pouye,TOR,PG/SG,4500.0,False,True
43637928,150876,1178936,476,6163205,Kierstan Bell,LVA,SF/PF,4200.0,False,True
43637929,150876,1413148,476,6163205,Justine Pissott,LVA,SF/PF,3900.0,False,True
43637930,150876,832887,476,6163205,Brianna Turner,LVA,SF/PF,3600.0,False,True
43637931,150876,1329604,476,6163205,Teonni Key,TOR,SF/PF,3300.0,False,True
43637932,150876,1655742,476,6163205,Ornella Bankole,TOR,SF/PF,3000.0,False,True
43637933,150876,1408674,476,6163205,Ta'Niya Latson,LVA,PG/SG,3000.0,False,True
43637934,150876,695695,476,6163205,Brittney Sykes,TOR,PG/SG,14100.0,False,True
43637935,150876,1410325,476,6163205,Kiki Rice,TOR,PG/SG,9900.0,False,True
43637936,150876,1416002,476,6163205,Janiah Barker,LVA,SF/PF,3000.0,False,True
