contest_id,draft_group_id,fantasy_player_points,is_double_up,is_fifty_fifty,is_guaranteed,is_head_to_head,is_starred,name,payout,sport,starts_at,entry_fee,entry_max
193353514,151190,0.0,False,False,True,False,True,WNBA $3.3K Money Ball [Single Entry],3300.0,NBA,2026-08-07 23:30:00+00:00,333.0,11
193353515,151190,0.0,False,False,True,False,True,WNBA $2K Slam Jam [Single Entry],2000.0,NBA,2026-08-07 23:30:00+00:00,222.0,10
193353516,151190,0.0,False,False,True,False,True,WNBA $1.53K Showtime [Single Entry],1530.0,NBA,2026-08-07 23:30:00+00:00,100.0,17
193353517,151190,0.0,False,False,True,False,True,WNBA $620 Ankle Breaker [Single Entry],620.0,NBA,2026-08-07 23:30:00+00:00,50.0,14
193353518,151190,0.0,False,False,True,False,True,WNBA $600 Triple Threat,600.0,NBA,2026-08-07 23:30:00+00:00,33.0,21
193353519,151194,0.0,False,False,True,False,True,WNBA Showdown $285 Triple Threat [Single Entry] (GSV @ DAL),285.0,NBA,2026-08-08 01:30:00+00:00,33.0,10
193353520,151190,0.0,False,False,True,False,True,WNBA $20K Shootaround [$5K to 1st],20000.0,NBA,2026-08-07 23:30:00+00:00,20.0,1176
193353521,151193,0.0,False,False,True,False,True,WNBA Showdown $3K Fadeaway [$1K to 1st] (ATL @ WAS),3000.0,NBA,2026-08-07 23:30:00+00:00,15.0,235
193353522,151194,0.0,False,False,True,False,True,WNBA Showdown $8K Fadeaway [$2K to 1st] (GSV @ DAL),8000.0,NBA,2026-08-08 01:30:00+00:00,15.0,627
193353523,151190,0.0,False,False,True,False,True,WNBA $15K Zone [$5K to 1st],15000.0,NBA,2026-08-07 23:30:00+00:00,5.0,3567
193353524,151194,0.0,False,False,True,False,True,WNBA Showdown $3K Zone [$1K to 1st] (GSV @ DAL),3000.0,NBA,2026-08-08 01:30:00+00:00,5.0,713
193353525,151193,0.0,False,False,True,False,True,WNBA Showdown $100 Sharpshooter (ATL @ WAS),100.0,NBA,2026-08-07 23:30:00+00:00,3.0,39
193353526,151190,0.0,False,False,True,False,True,WNBA $2K And-One,2000.0,NBA,2026-08-07 23:30:00+00:00,1.0,2378
193353527,151193,0.0,False,False,True,False,True,WNBA Showdown $250 And-One (ATL @ WAS),250.0,NBA,2026-08-07 23:30:00+00:00,1.0,297
193353528,151194,0.0,False,False,True,False,True,WNBA Showdown $500 And-One (GSV @ DAL),500.0,NBA,2026-08-08 01:30:00+00:00,1.0,594
193353529,151190,0.0,False,False,True,False,True,WNBA $3K mini-MAX [150 Entry Max],3000.0,NBA,2026-08-07 23:30:00+00:00,0.5,7134
193353530,151190,0.0,False,False,True,False,True,WNBA $400 Quarter Jukebox [Just $0.25!],400.0,NBA,2026-08-07 23:30:00+00:00,0.25,1902
193353531,151193,0.0,False,False,True,False,True,WNBA Showdown $300 Quarter Jukebox [Just $0.25!]  (ATL @ WAS),300.0,NBA,2026-08-07 23:30:00+00:00,0.25,1426
193353532,151194,0.0,False,False,True,False,True,WNBA Showdown $150 Quarter Jukebox [Just $0.25!] (GSV @ DAL),150.0,NBA,2026-08-08 01:30:00+00:00,0.25,713
193353533,151190,0.0,False,False,True,False,True,WNBA $150 Dime TIme [Just $0.10!],150.0,NBA,2026-08-07 23:30:00+00:00,0.1,1783
193353534,151193,0.0,False,False,True,False,True,WNBA Showdown $20 Dime Time [Just $0.10!] (ATL @ WAS),20.0,NBA,2026-08-07 23:30:00+00:00,0.1,237
193353535,151194,0.0,False,False,True,False,True,WNBA Showdown $20 Dime Time [Just $0.10!] (GSV @ DAL),20.0,NBA,2026-08-08 01:30:00+00:00,0.1,237
193353536,151190,0.0,False,False,True,False,True,WNBA $500 Pick and Roll [Single Entry],500.0,NBA,2026-08-07 23:30:00+00:00,12.0,49
193353537,151194,0.0,False,False,True,False,True,WNBA Showdown $250 Pick and Roll [Single Entry] (GSV @ DAL),250.0,NBA,2026-08-08 01:30:00+00:00,12.0,24
193353538,151190,0.0,False,False,True,False,True,WNBA $750 High Five [Single Entry],750.0,NBA,2026-08-07 23:30:00+00:00,5.0,178
193353539,151193,0.0,False,False,True,False,True,WNBA Showdown $100 High Five [Single Entry] (ATL @ WAS),100.0,NBA,2026-08-07 23:30:00+00:00,5.0,23
193353540,151194,0.0,False,False,True,False,True,WNBA Showdown $250 High Five [Single Entry] (GSV @ DAL),250.0,NBA,2026-08-08 01:30:00+00:00,5.0,59
193353541,151190,0.0,False,False,True,False,True,WNBA $150 Daily Dollar [Single Entry],150.0,NBA,2026-08-07 23:30:00+00:00,1.0,178
193353542,151193,0.0,False,False,True,False,True,WNBA Showdown $50 Daily Dollar [Single Entry] (ATL @ WAS),50.0,NBA,2026-08-07 23:30:00+00:00,1.0,59
193353543,151194,0.0,False,False,True,False,True,WNBA Showdown $50 Daily Dollar [Single Entry] (GSV @ DAL),50.0,NBA,2026-08-08 01:30:00+00:00,1.0,59
193353544,151190,0.0,True,False,True,False,True,WNBA Single Entry $5 Double Up,200.0,NBA,2026-08-07 23:30:00+00:00,5.0,45
193353595,151193,0.0,False,False,False,False,False,Beginner WNBA Showdown $2 3-Player (ATL @ WAS),5.4,NBA,2026-08-07 23:30:00+00:00,2.0,3
193353596,151193,0.0,False,False,False,False,False,Beginner WNBA Showdown $10 3-Player (ATL @ WAS),27.0,NBA,2026-08-07 23:30:00+00:00,10.0,3
193353597,151193,0.0,False,False,False,False,False,Beginner WNBA Showdown $5 3-Player (ATL @ WAS),13.5,NBA,2026-08-07 23:30:00+00:00,5.0,3
193353598,151193,0.0,False,False,False,False,False,Beginner WNBA Showdown $1 3-Player (ATL @ WAS),2.7,NBA,2026-08-07 23:30:00+00:00,1.0,3
193353599,151193,0.0,False,False,False,False,False,WNBA Showdown $1 10-Player (ATL @ WAS),9.0,NBA,2026-08-07 23:30:00+00:00,1.0,10
193353600,151193,0.0,False,False,False,False,False,WNBA Showdown $1 5-Player (ATL @ WAS),4.5,NBA,2026-08-07 23:30:00+00:00,1.0,5
193353601,151193,0.0,False,False,False,False,False,WNBA Showdown $1 3-Player (ATL @ WAS),2.7,NBA,2026-08-07 23:30:00+00:00,1.0,3
193353602,151193,0.0,False,False,False,False,False,WNBA Showdown $1 3-Player (ATL @ WAS),2.7,NBA,2026-08-07 23:30:00+00:00,1.0,3
193353603,151193,0.0,True,False,False,False,False,Casual WNBA Showdown $20 50-50 (ATL @ WAS),180.0,NBA,2026-08-07 23:30:00+00:00,20.0,10
193353604,151193,0.0,True,False,False,False,False,Casual WNBA Showdown $10 50-50 (ATL @ WAS),90.0,NBA,2026-08-07 23:30:00+00:00,10.0,10
193353605,151193,0.0,True,False,False,False,False,Casual WNBA Showdown $5 50-50 (ATL @ WAS),45.0,NBA,2026-08-07 23:30:00+00:00,5.0,10
193353606,151193,0.0,True,False,False,False,False,Casual WNBA Showdown $3 50-50 (ATL @ WAS),27.0,NBA,2026-08-07 23:30:00+00:00,3.0,10
193353607,151193,0.0,True,False,False,False,False,Casual WNBA Showdown $1 50-50 (ATL @ WAS),9.0,NBA,2026-08-07 23:30:00+00:00,1.0,10
193353608,151193,0.0,False,False,False,False,False,Casual WNBA Showdown $5 3-Player (ATL @ WAS),13.5,NBA,2026-08-07 23:30:00+00:00,5.0,3
193353609,151193,0.0,False,False,False,False,False,Casual WNBA Showdown $2 3-Player (ATL @ WAS),5.4,NBA,2026-08-07 23:30:00+00:00,2.0,3
193353610,151193,0.0,False,False,False,False,False,WNBA Showdown $2 3-Player (ATL @ WAS),5.4,NBA,2026-08-07 23:30:00+00:00,2.0,3
193353611,151193,0.0,False,False,False,False,False,WNBA Showdown $2 3-Player (ATL @ WAS),5.4,NBA,2026-08-07 23:30:00+00:00,2.0,3
193353612,151193,0.0,False,False,False,False,False,WNBA Showdown $2 5-Player (ATL @ WAS),9.0,NBA,2026-08-07 23:30:00+00:00,2.0,5
193353613,151193,0.0,False,False,False,False,False,WNBA Showdown $2 10-Player (ATL @ WAS),18.0,NBA,2026-08-07 23:30:00+00:00,2.0,10
193353614,151193,0.0,False,False,False,False,False,WNBA Showdown $5 3-Player (ATL @ WAS),13.5,NBA,2026-08-07 23:30:00+00:00,5.0,3
193353615,151193,0.0,False,False,False,False,False,WNBA Showdown $5 5-Player (ATL @ WAS),22.5,NBA,2026-08-07 23:30:00+00:00,5.0,5
193353616,151193,0.0,False,False,False,False,False,WNBA Showdown $5 10-Player (ATL @ WAS),45.0,NBA,2026-08-07 23:30:00+00:00,5.0,10
193353617,151193,0.0,False,False,False,False,False,WNBA Showdown $10 5-Player (ATL @ WAS),45.0,NBA,2026-08-07 23:30:00+00:00,10.0,5
193353618,151193,0.0,False,False,False,False,False,WNBA Showdown $10 3-Player (ATL @ WAS),27.0,NBA,2026-08-07 23:30:00+00:00,10.0,3
193353619,151193,0.0,False,False,False,False,False,WNBA Showdown $20 3-Player (ATL @ WAS),54.0,NBA,2026-08-07 23:30:00+00:00,20.0,3
193353620,151193,0.0,False,False,False,False,False,WNBA Showdown $50 5-Player (ATL @ WAS),225.0,NBA,2026-08-07 23:30:00+00:00,50.0,5
193353621,151193,0.0,False,False,False,False,False,WNBA Showdown $50 3-Player (ATL @ WAS),135.0,NBA,2026-08-07 23:30:00+00:00,50.0,3
193353622,151193,0.0,False,False,False,False,False,WNBA Showdown $109 3-Player (ATL @ WAS),300.0,NBA,2026-08-07 23:30:00+00:00,109.0,3
193353623,151193,0.0,False,False,False,False,False,WNBA Showdown $162 3-Player (ATL @ WAS),450.0,NBA,2026-08-07 23:30:00+00:00,162.0,3
193353624,151193,0.0,False,False,False,False,False,WNBA Showdown $530 3-Player (ATL @ WAS),1500.0,NBA,2026-08-07 23:30:00+00:00,530.0,3
193353625,151193,0.0,False,False,False,False,False,"WNBA Showdown $1,060 3-Player (ATL @ WAS)",3000.0,NBA,2026-08-07 23:30:00+00:00,1060.0,3
193353626,151193,0.0,False,False,False,False,False,"WNBA Showdown $5,300 3-Player (ATL @ WAS)",15000.0,NBA,2026-08-07 23:30:00+00:00,5300.0,3
193353628,151193,0.0,False,False,False,False,False,"WNBA Showdown $10,600 3-Player (ATL @ WAS)",30000.0,NBA,2026-08-07 23:30:00+00:00,10600.0,3
193353629,151193,0.0,True,False,False,False,False,Beginner WNBA Showdown $20 50-50 (ATL @ WAS),72.0,NBA,2026-08-07 23:30:00+00:00,20.0,4
193353631,151193,0.0,True,False,False,False,False,Beginner WNBA Showdown $10 50-50 (ATL @ WAS),90.0,NBA,2026-08-07 23:30:00+00:00,10.0,10
193353633,151193,0.0,True,False,False,False,False,Beginner WNBA Showdown $1 50-50 (ATL @ WAS),9.0,NBA,2026-08-07 23:30:00+00:00,1.0,10
193353635,151193,0.0,True,False,False,False,False,Beginner WNBA Showdown $3 50-50 (ATL @ WAS),27.0,NBA,2026-08-07 23:30:00+00:00,3.0,10
193353637,151193,0.0,True,False,False,False,False,Beginner WNBA Showdown $5 50-50 (ATL @ WAS),45.0,NBA,2026-08-07 23:30:00+00:00,5.0,10
193353639,151193,0.0,True,False,False,False,False,"WNBA Showdown $5,300 50-50 (ATL @ WAS)",20000.0,NBA,2026-08-07 23:30:00+00:00,5300.0,4
193353640,151193,0.0,True,False,False,False,False,"WNBA Showdown $1,060 50-50 (ATL @ WAS)",4000.0,NBA,2026-08-07 23:30:00+00:00,1060.0,4
193353642,151193,0.0,True,False,False,False,False,WNBA Showdown $530 50-50 (ATL @ WAS),2000.0,NBA,2026-08-07 23:30:00+00:00,530.0,4
193353644,151193,0.0,True,False,False,False,False,WNBA Showdown $109 50-50 (ATL @ WAS),400.0,NBA,2026-08-07 23:30:00+00:00,109.0,4
193353646,151193,0.0,True,False,False,False,False,WNBA Showdown $50 50-50 (ATL @ WAS),180.0,NBA,2026-08-07 23:30:00+00:00,50.0,4
193353648,151193,0.0,True,False,False,False,False,WNBA Showdown $20 50-50 (ATL @ WAS),72.0,NBA,2026-08-07 23:30:00+00:00,20.0,4
193353649,151193,0.0,True,False,False,False,False,WNBA Showdown $10 50-50 (ATL @ WAS),36.0,NBA,2026-08-07 23:30:00+00:00,10.0,4
193353651,151193,0.0,True,False,False,False,False,WNBA Showdown $50 50-50 (ATL @ WAS),450.0,NBA,2026-08-07 23:30:00+00:00,50.0,10
193353653,151193,0.0,True,False,False,False,False,WNBA Showdown $1 50-50 (ATL @ WAS),9.0,NBA,2026-08-07 23:30:00+00:00,1.0,10
193353655,151193,0.0,True,False,False,False,False,WNBA Showdown $5 50-50 (ATL @ WAS),45.0,NBA,2026-08-07 23:30:00+00:00,5.0,10
193353656,151193,0.0,True,False,False,False,False,WNBA Showdown $109 50-50 (ATL @ WAS),600.0,NBA,2026-08-07 23:30:00+00:00,109.0,6
193353657,151193,0.0,True,False,False,False,False,WNBA Showdown $2 50-50 (ATL @ WAS),18.0,NBA,2026-08-07 23:30:00+00:00,2.0,10
193353658,151193,0.0,True,False,False,False,False,WNBA Showdown $20 50-50 (ATL @ WAS),180.0,NBA,2026-08-07 23:30:00+00:00,20.0,10
193353659,151193,0.0,True,False,False,False,False,WNBA Showdown $10 50-50 (ATL @ WAS),90.0,NBA,2026-08-07 23:30:00+00:00,10.0,10
193353660,151193,0.0,True,False,False,False,False,WNBA Showdown $5 50-50 (ATL @ WAS),90.0,NBA,2026-08-07 23:30:00+00:00,5.0,20
193353661,151193,0.0,True,False,False,False,False,WNBA Showdown $10 50-50 (ATL @ WAS),180.0,NBA,2026-08-07 23:30:00+00:00,10.0,20
193353662,151193,0.0,True,False,False,False,False,WNBA Showdown $20 50-50 (ATL @ WAS),360.0,NBA,2026-08-07 23:30:00+00:00,20.0,20
193353663,151193,0.0,True,False,False,False,False,WNBA Showdown $2 50-50 (ATL @ WAS),36.0,NBA,2026-08-07 23:30:00+00:00,2.0,20
193353664,151193,0.0,True,False,False,False,False,WNBA Showdown $1 50-50 (ATL @ WAS),18.0,NBA,2026-08-07 23:30:00+00:00,1.0,20
193353665,151193,0.0,False,False,False,False,True,WNBA Showdown $4K All Star [Single Entry] (Must Fill) (ATL @ WAS),4000.0,NBA,2026-08-07 23:30:00+00:00,1060.0,4
193353666,151193,0.0,False,False,False,False,True,WNBA Showdown $4K All Star [Single Entry] (Must Fill) (ATL @ WAS),4000.0,NBA,2026-08-07 23:30:00+00:00,1060.0,4
193353667,151193,0.0,False,False,False,False,True,WNBA Showdown $267 Winner Take All [$1K to 1st] (Must Fill) (ATL @ WAS),1000.0,NBA,2026-08-07 23:30:00+00:00,267.0,4
193353668,151193,0.0,False,False,False,False,True,WNBA Showdown $100 Winner Take All [$460 to 1st] (Must Fill) (ATL @ WAS),460.0,NBA,2026-08-07 23:30:00+00:00,100.0,5
193353669,151193,0.0,False,False,False,False,True,WNBA Showdown $5.7K Courtside Special [Single Entry] (Must Fill) (ATL @ WAS),5700.0,NBA,2026-08-07 23:30:00+00:00,1500.0,4
193353670,151193,0.0,False,False,False,False,True,WNBA Showdown Satellite to NBA Best Ball $20 Shootaround [Must Fill] (ATL @ WAS),20.0,NBA,2026-08-07 23:30:00+00:00,7.4,3
193353671,151193,0.0,False,False,False,False,True,WNBA Showdown Satellite to NBA Best Ball $20 Shootaround [Must Fill] (ATL @ WAS),20.0,NBA,2026-08-07 23:30:00+00:00,7.4,3
193353672,151192,0.0,False,False,False,False,False,Beginner WNBA Single Stat $2 3-Player (Points),5.4,NBA,2026-08-07 23:30:00+00:00,2.0,3
193353673,151192,0.0,False,False,False,False,False,Beginner WNBA Single Stat $10 3-Player (Points),27.0,NBA,2026-08-07 23:30:00+00:00,10.0,3
193353674,151192,0.0,False,False,False,False,False,Beginner WNBA Single Stat $5 3-Player (Points),13.5,NBA,2026-08-07 23:30:00+00:00,5.0,3
193353675,151192,0.0,False,False,False,False,False,Beginner WNBA Single Stat $1 3-Player (Points),2.7,NBA,2026-08-07 23:30:00+00:00,1.0,3
193353676,151192,0.0,False,False,False,False,False,WNBA Single Stat $1 10-Player (Points),9.0,NBA,2026-08-07 23:30:00+00:00,1.0,10
193353677,151192,0.0,False,False,False,False,False,WNBA Single Stat $1 5-Player (Points),4.5,NBA,2026-08-07 23:30:00+00:00,1.0,5
193353678,151192,0.0,False,False,False,False,False,WNBA Single Stat $1 3-Player (Points),2.7,NBA,2026-08-07 23:30:00+00:00,1.0,3
193353679,151192,0.0,False,False,False,False,False,WNBA Single Stat $1 3-Player (Points),2.7,NBA,2026-08-07 23:30:00+00:00,1.0,3
193353680,151192,0.0,True,False,False,False,False,Casual WNBA Single Stat $20 50-50 (Points),180.0,NBA,2026-08-07 23:30:00+00:00,20.0,10
193353681,151192,0.0,True,False,False,False,False,Casual WNBA Single Stat $10 50-50 (Points),90.0,NBA,2026-08-07 23:30:00+00:00,10.0,10
193353682,151192,0.0,True,False,False,False,False,Casual WNBA Single Stat $5 50-50 (Points),45.0,NBA,2026-08-07 23:30:00+00:00,5.0,10
193353683,151192,0.0,True,False,False,False,False,Casual WNBA Single Stat $3 50-50 (Points),27.0,NBA,2026-08-07 23:30:00+00:00,3.0,10
193353684,151192,0.0,True,False,False,False,False,Casual WNBA Single Stat $1 50-50 (Points),9.0,NBA,2026-08-07 23:30:00+00:00,1.0,10
193353685,151192,0.0,False,False,False,False,False,Casual WNBA Single Stat $5 3-Player (Points),13.5,NBA,2026-08-07 23:30:00+00:00,5.0,3
193353686,151192,0.0,False,False,False,False,False,Casual WNBA Single Stat $2 3-Player (Points),5.4,NBA,2026-08-07 23:30:00+00:00,2.0,3
193353687,151192,0.0,False,False,False,False,False,WNBA Single Stat $2 3-Player (Points),5.4,NBA,2026-08-07 23:30:00+00:00,2.0,3
193353688,151192,0.0,False,False,False,False,False,WNBA Single Stat $2 3-Player (Points),5.4,NBA,2026-08-07 23:30:00+00:00,2.0,3
193353689,151192,0.0,False,False,False,False,False,WNBA Single Stat $2 5-Player (Points),9.0,NBA,2026-08-07 23:30:00+00:00,2.0,5
193353690,151192,0.0,False,False,False,False,False,WNBA Single Stat $2 10-Player (Points),18.0,NBA,2026-08-07 23:30:00+00:00,2.0,10
193353691,151192,0.0,False,False,False,False,False,WNBA Single Stat $5 3-Player (Points),13.5,NBA,2026-08-07 23:30:00+00:00,5.0,3
193353692,151192,0.0,False,False,False,False,False,WNBA Single Stat $5 5-Player (Points),22.5,NBA,2026-08-07 23:30:00+00:00,5.0,5
193353693,151192,0.0,False,False,False,False,False,WNBA Single Stat $5 10-Player (Points),45.0,NBA,2026-08-07 23:30:00+00:00,5.0,10
193353694,151192,0.0,False,False,False,False,False,WNBA Single Stat $10 5-Player (Points),45.0,NBA,2026-08-07 23:30:00+00:00,10.0,5
193353695,151192,0.0,False,False,False,False,False,WNBA Single Stat $10 3-Player (Points),27.0,NBA,2026-08-07 23:30:00+00:00,10.0,3
193353696,151192,0.0,False,False,False,False,False,WNBA Single Stat $20 3-Player (Points),54.0,NBA,2026-08-07 23:30:00+00:00,20.0,3
193353697,151192,0.0,False,False,False,False,False,WNBA Single Stat $50 5-Player (Points),225.0,NBA,2026-08-07 23:30:00+00:00,50.0,5
193353698,151192,0.0,False,False,False,False,False,WNBA Single Stat $50 3-Player (Points),135.0,NBA,2026-08-07 23:30:00+00:00,50.0,3
193353699,151192,0.0,False,False,False,False,False,WNBA Single Stat $109 3-Player (Points),300.0,NBA,2026-08-07 23:30:00+00:00,109.0,3
193353700,151192,0.0,False,False,False,False,False,WNBA Single Stat $162 3-Player (Points),450.0,NBA,2026-08-07 23:30:00+00:00,162.0,3
193353701,151192,0.0,False,False,False,False,False,WNBA Single Stat $530 3-Player (Points),1500.0,NBA,2026-08-07 23:30:00+00:00,530.0,3
193353702,151192,0.0,False,False,False,False,False,"WNBA Single Stat $1,060 3-Player (Points)",3000.0,NBA,2026-08-07 23:30:00+00:00,1060.0,3
193353703,151192,0.0,False,False,False,False,False,"WNBA Single Stat $5,300 3-Player (Points)",15000.0,NBA,2026-08-07 23:30:00+00:00,5300.0,3
193353704,151192,0.0,False,False,False,False,False,"WNBA Single Stat $10,600 3-Player (Points)",30000.0,NBA,2026-08-07 23:30:00+00:00,10600.0,3
193353705,151192,0.0,True,False,False,False,False,Beginner WNBA Single Stat $20 50-50 (Points),72.0,NBA,2026-08-07 23:30:00+00:00,20.0,4
193353706,151192,0.0,True,False,False,False,False,Beginner WNBA Single Stat $10 50-50 (Points),90.0,NBA,2026-08-07 23:30:00+00:00,10.0,10
193353707,151192,0.0,True,False,False,False,False,Beginner WNBA Single Stat $1 50-50 (Points),9.0,NBA,2026-08-07 23:30:00+00:00,1.0,10
193353708,151192,0.0,True,False,False,False,False,Beginner WNBA Single Stat $3 50-50 (Points),27.0,NBA,2026-08-07 23:30:00+00:00,3.0,10
193353709,151192,0.0,True,False,False,False,False,Beginner WNBA Single Stat $5 50-50 (Points),45.0,NBA,2026-08-07 23:30:00+00:00,5.0,10
193353710,151192,0.0,True,False,False,False,False,"WNBA Single Stat $5,300 50-50 (Points)",20000.0,NBA,2026-08-07 23:30:00+00:00,5300.0,4
193353711,151192,0.0,True,False,False,False,False,"WNBA Single Stat $1,060 50-50 (Points)",4000.0,NBA,2026-08-07 23:30:00+00:00,1060.0,4
193353712,151192,0.0,True,False,False,False,False,WNBA Single Stat $530 50-50 (Points),2000.0,NBA,2026-08-07 23:30:00+00:00,530.0,4
193353713,151192,0.0,True,False,False,False,False,WNBA Single Stat $109 50-50 (Points),400.0,NBA,2026-08-07 23:30:00+00:00,109.0,4
193353714,151192,0.0,True,False,False,False,False,WNBA Single Stat $50 50-50 (Points),180.0,NBA,2026-08-07 23:30:00+00:00,50.0,4
193353715,151192,0.0,True,False,False,False,False,WNBA Single Stat $20 50-50 (Points),72.0,NBA,2026-08-07 23:30:00+00:00,20.0,4
193353716,151192,0.0,True,False,False,False,False,WNBA Single Stat $10 50-50 (Points),36.0,NBA,2026-08-07 23:30:00+00:00,10.0,4
193353717,151192,0.0,True,False,False,False,False,WNBA Single Stat $50 50-50 (Points),450.0,NBA,2026-08-07 23:30:00+00:00,50.0,10
193353718,151192,0.0,True,False,False,False,False,WNBA Single Stat $1 50-50 (Points),9.0,NBA,2026-08-07 23:30:00+00:00,1.0,10
193353719,151192,0.0,True,False,False,False,False,WNBA Single Stat $5 50-50 (Points),45.0,NBA,2026-08-07 23:30:00+00:00,5.0,10
193353720,151192,0.0,True,False,False,False,False,WNBA Single Stat $109 50-50 (Points),600.0,NBA,2026-08-07 23:30:00+00:00,109.0,6
193353721,151192,0.0,True,False,False,False,False,WNBA Single Stat $2 50-50 (Points),18.0,NBA,2026-08-07 23:30:00+00:00,2.0,10
193353722,151192,0.0,True,False,False,False,False,WNBA Single Stat $20 50-50 (Points),180.0,NBA,2026-08-07 23:30:00+00:00,20.0,10
193353723,151192,0.0,True,False,False,False,False,WNBA Single Stat $10 50-50 (Points),90.0,NBA,2026-08-07 23:30:00+00:00,10.0,10
193353724,151192,0.0,True,False,False,False,False,WNBA Single Stat $5 50-50 (Points),90.0,NBA,2026-08-07 23:30:00+00:00,5.0,20
193353725,151192,0.0,True,False,False,False,False,WNBA Single Stat $10 50-50 (Points),180.0,NBA,2026-08-07 23:30:00+00:00,10.0,20
193353726,151192,0.0,True,False,False,False,False,WNBA Single Stat $20 50-50 (Points),360.0,NBA,2026-08-07 23:30:00+00:00,20.0,20
193353727,151192,0.0,True,False,False,False,False,WNBA Single Stat $2 50-50 (Points),36.0,NBA,2026-08-07 23:30:00+00:00,2.0,20
193353728,151192,0.0,True,False,False,False,False,WNBA Single Stat $1 50-50 (Points),18.0,NBA,2026-08-07 23:30:00+00:00,1.0,20
193353729,151192,0.0,False,False,False,False,True,WNBA Single Stat $4K All Star [Single Entry] (Must Fill) (Points),4000.0,NBA,2026-08-07 23:30:00+00:00,1060.0,4
193353730,151192,0.0,False,False,False,False,True,WNBA Single Stat $4K All Star [Single Entry] (Must Fill) (Points),4000.0,NBA,2026-08-07 23:30:00+00:00,1060.0,4
193353731,151192,0.0,False,False,False,False,True,WNBA Single Stat $267 Winner Take All [$1K to 1st] (Must Fill) (Points),1000.0,NBA,2026-08-07 23:30:00+00:00,267.0,4
193353732,151192,0.0,False,False,False,False,True,WNBA Single Stat $100 Winner Take All [$460 to 1st] (Must Fill) (Points),460.0,NBA,2026-08-07 23:30:00+00:00,100.0,5
193353733,151192,0.0,False,False,False,False,True,WNBA Single Stat $5.7K Courtside Special [Single Entry] (Must Fill) (Points),5700.0,NBA,2026-08-07 23:30:00+00:00,1500.0,4
193353734,151192,0.0,False,False,False,False,True,WNBA Single Stat Satellite to NBA Best Ball $20 Shootaround [Must Fill] (Points),20.0,NBA,2026-08-07 23:30:00+00:00,7.4,3
193353735,151192,0.0,False,False,False,False,True,WNBA Single Stat Satellite to NBA Best Ball $20 Shootaround [Must Fill] (Points),20.0,NBA,2026-08-07 23:30:00+00:00,7.4,3
193353736,151194,0.0,False,False,False,False,False,Beginner WNBA Showdown $2 3-Player (GSV @ DAL),5.4,NBA,2026-08-08 01:30:00+00:00,2.0,3
193353737,151194,0.0,False,False,False,False,False,Beginner WNBA Showdown $10 3-Player (GSV @ DAL),27.0,NBA,2026-08-08 01:30:00+00:00,10.0,3
193353738,151194,0.0,False,False,False,False,False,Beginner WNBA Showdown $5 3-Player (GSV @ DAL),13.5,NBA,2026-08-08 01:30:00+00:00,5.0,3
193353739,151194,0.0,False,False,False,False,False,Beginner WNBA Showdown $1 3-Player (GSV @ DAL),2.7,NBA,2026-08-08 01:30:00+00:00,1.0,3
193353740,151194,0.0,False,False,False,False,False,WNBA Showdown $1 10-Player (GSV @ DAL),9.0,NBA,2026-08-08 01:30:00+00:00,1.0,10
193353741,151194,0.0,False,False,False,False,False,WNBA Showdown $1 5-Player (GSV @ DAL),4.5,NBA,2026-08-08 01:30:00+00:00,1.0,5
193353742,151194,0.0,False,False,False,False,False,WNBA Showdown $1 3-Player (GSV @ DAL),2.7,NBA,2026-08-08 01:30:00+00:00,1.0,3
193353743,151194,0.0,False,False,False,False,False,WNBA Showdown $1 3-Player (GSV @ DAL),2.7,NBA,2026-08-08 01:30:00+00:00,1.0,3
193353744,151194,0.0,True,False,False,False,False,Casual WNBA Showdown $20 50-50 (GSV @ DAL),180.0,NBA,2026-08-08 01:30:00+00:00,20.0,10
193353745,151194,0.0,True,False,False,False,False,Casual WNBA Showdown $10 50-50 (GSV @ DAL),90.0,NBA,2026-08-08 01:30:00+00:00,10.0,10
193353746,151194,0.0,True,False,False,False,False,Casual WNBA Showdown $5 50-50 (GSV @ DAL),45.0,NBA,2026-08-08 01:30:00+00:00,5.0,10
193353747,151194,0.0,True,False,False,False,False,Casual WNBA Showdown $3 50-50 (GSV @ DAL),27.0,NBA,2026-08-08 01:30:00+00:00,3.0,10
193353748,151194,0.0,True,False,False,False,False,Casual WNBA Showdown $1 50-50 (GSV @ DAL),9.0,NBA,2026-08-08 01:30:00+00:00,1.0,10
193353749,151194,0.0,False,False,False,False,False,Casual WNBA Showdown $5 3-Player (GSV @ DAL),13.5,NBA,2026-08-08 01:30:00+00:00,5.0,3
193353750,151194,0.0,False,False,False,False,False,Casual WNBA Showdown $2 3-Player (GSV @ DAL),5.4,NBA,2026-08-08 01:30:00+00:00,2.0,3
193353751,151194,0.0,False,False,False,False,False,WNBA Showdown $2 3-Player (GSV @ DAL),5.4,NBA,2026-08-08 01:30:00+00:00,2.0,3
193353752,151194,0.0,False,False,False,False,False,WNBA Showdown $2 3-Player (GSV @ DAL),5.4,NBA,2026-08-08 01:30:00+00:00,2.0,3
193353753,151194,0.0,False,False,False,False,False,WNBA Showdown $2 5-Player (GSV @ DAL),9.0,NBA,2026-08-08 01:30:00+00:00,2.0,5
193353754,151194,0.0,False,False,False,False,False,WNBA Showdown $2 10-Player (GSV @ DAL),18.0,NBA,2026-08-08 01:30:00+00:00,2.0,10
193353755,151194,0.0,False,False,False,False,False,WNBA Showdown $5 3-Player (GSV @ DAL),13.5,NBA,2026-08-08 01:30:00+00:00,5.0,3
193353756,151194,0.0,False,False,False,False,False,WNBA Showdown $5 5-Player (GSV @ DAL),22.5,NBA,2026-08-08 01:30:00+00:00,5.0,5
193353757,151194,0.0,False,False,False,False,False,WNBA Showdown $5 10-Player (GSV @ DAL),45.0,NBA,2026-08-08 01:30:00+00:00,5.0,10
193353758,151194,0.0,False,False,False,False,False,WNBA Showdown $10 5-Player (GSV @ DAL),45.0,NBA,2026-08-08 01:30:00+00:00,10.0,5
193353759,151194,0.0,False,False,False,False,False,WNBA Showdown $10 3-Player (GSV @ DAL),27.0,NBA,2026-08-08 01:30:00+00:00,10.0,3
193353760,151194,0.0,False,False,False,False,False,WNBA Showdown $20 3-Player (GSV @ DAL),54.0,NBA,2026-08-08 01:30:00+00:00,20.0,3
193353761,151194,0.0,False,False,False,False,False,WNBA Showdown $50 5-Player (GSV @ DAL),225.0,NBA,2026-08-08 01:30:00+00:00,50.0,5
193353762,151194,0.0,False,False,False,False,False,WNBA Showdown $50 3-Player (GSV @ DAL),135.0,NBA,2026-08-08 01:30:00+00:00,50.0,3
193353763,151194,0.0,False,False,False,False,False,WNBA Showdown $109 3-Player (GSV @ DAL),300.0,NBA,2026-08-08 01:30:00+00:00,109.0,3
193353764,151194,0.0,False,False,False,False,False,WNBA Showdown $162 3-Player (GSV @ DAL),450.0,NBA,2026-08-08 01:30:00+00:00,162.0,3
193353765,151194,0.0,False,False,False,False,False,WNBA Showdown $530 3-Player (GSV @ DAL),1500.0,NBA,2026-08-08 01:30:00+00:00,530.0,3
193353766,151194,0.0,False,False,False,False,False,"WNBA Showdown $1,060 3-Player (GSV @ DAL)",3000.0,NBA,2026-08-08 01:30:00+00:00,1060.0,3
193353767,151194,0.0,False,False,False,False,False,"WNBA Showdown $5,300 3-Player (GSV @ DAL)",15000.0,NBA,2026-08-08 01:30:00+00:00,5300.0,3
193353768,151194,0.0,False,False,False,False,False,"WNBA Showdown $10,600 3-Player (GSV @ DAL)",30000.0,NBA,2026-08-08 01:30:00+00:00,10600.0,3
193353769,151194,0.0,True,False,False,False,False,Beginner WNBA Showdown $20 50-50 (GSV @ DAL),72.0,NBA,2026-08-08 01:30:00+00:00,20.0,4
193353770,151194,0.0,True,False,False,False,False,Beginner WNBA Showdown $10 50-50 (GSV @ DAL),90.0,NBA,2026-08-08 01:30:00+00:00,10.0,10
193353771,151194,0.0,True,False,False,False,False,Beginner WNBA Showdown $1 50-50 (GSV @ DAL),9.0,NBA,2026-08-08 01:30:00+00:00,1.0,10
193353772,151194,0.0,True,False,False,False,False,Beginner WNBA Showdown $3 50-50 (GSV @ DAL),27.0,NBA,2026-08-08 01:30:00+00:00,3.0,10
193353773,151194,0.0,True,False,False,False,False,Beginner WNBA Showdown $5 50-50 (GSV @ DAL),45.0,NBA,2026-08-08 01:30:00+00:00,5.0,10
193353774,151194,0.0,True,False,False,False,False,"WNBA Showdown $5,300 50-50 (GSV @ DAL)",20000.0,NBA,2026-08-08 01:30:00+00:00,5300.0,4
193353775,151194,0.0,True,False,False,False,False,"WNBA Showdown $1,060 50-50 (GSV @ DAL)",4000.0,NBA,2026-08-08 01:30:00+00:00,1060.0,4
193353776,151194,0.0,True,False,False,False,False,WNBA Showdown $530 50-50 (GSV @ DAL),2000.0,NBA,2026-08-08 01:30:00+00:00,530.0,4
193353777,151194,0.0,True,False,False,False,False,WNBA Showdown $109 50-50 (GSV @ DAL),400.0,NBA,2026-08-08 01:30:00+00:00,109.0,4
193353778,151194,0.0,True,False,False,False,False,WNBA Showdown $50 50-50 (GSV @ DAL),180.0,NBA,2026-08-08 01:30:00+00:00,50.0,4
193353779,151194,0.0,True,False,False,False,False,WNBA Showdown $20 50-50 (GSV @ DAL),72.0,NBA,2026-08-08 01:30:00+00:00,20.0,4
193353780,151194,0.0,True,False,False,False,False,WNBA Showdown $10 50-50 (GSV @ DAL),36.0,NBA,2026-08-08 01:30:00+00:00,10.0,4
193353781,151194,0.0,True,False,False,False,False,WNBA Showdown $50 50-50 (GSV @ DAL),450.0,NBA,2026-08-08 01:30:00+00:00,50.0,10
193353782,151194,0.0,True,False,False,False,False,WNBA Showdown $1 50-50 (GSV @ DAL),9.0,NBA,2026-08-08 01:30:00+00:00,1.0,10
193353783,151194,0.0,True,False,False,False,False,WNBA Showdown $5 50-50 (GSV @ DAL),45.0,NBA,2026-08-08 01:30:00+00:00,5.0,10
193353784,151194,0.0,True,False,False,False,False,WNBA Showdown $109 50-50 (GSV @ DAL),600.0,NBA,2026-08-08 01:30:00+00:00,109.0,6
193353785,151194,0.0,True,False,False,False,False,WNBA Showdown $2 50-50 (GSV @ DAL),18.0,NBA,2026-08-08 01:30:00+00:00,2.0,10
193353786,151194,0.0,True,False,False,False,False,WNBA Showdown $20 50-50 (GSV @ DAL),180.0,NBA,2026-08-08 01:30:00+00:00,20.0,10
193353787,151194,0.0,True,False,False,False,False,WNBA Showdown $10 50-50 (GSV @ DAL),90.0,NBA,2026-08-08 01:30:00+00:00,10.0,10
193353788,151194,0.0,True,False,False,False,False,WNBA Showdown $5 50-50 (GSV @ DAL),90.0,NBA,2026-08-08 01:30:00+00:00,5.0,20
193353789,151194,0.0,True,False,False,False,False,WNBA Showdown $10 50-50 (GSV @ DAL),180.0,NBA,2026-08-08 01:30:00+00:00,10.0,20
193353790,151194,0.0,True,False,False,False,False,WNBA Showdown $20 50-50 (GSV @ DAL),360.0,NBA,2026-08-08 01:30:00+00:00,20.0,20
193353791,151194,0.0,True,False,False,False,False,WNBA Showdown $2 50-50 (GSV @ DAL),36.0,NBA,2026-08-08 01:30:00+00:00,2.0,20
193353792,151194,0.0,True,False,False,False,False,WNBA Showdown $1 50-50 (GSV @ DAL),18.0,NBA,2026-08-08 01:30:00+00:00,1.0,20
193353793,151194,0.0,False,False,False,False,True,WNBA Showdown $4K All Star [Single Entry] (Must Fill) (GSV @ DAL),4000.0,NBA,2026-08-08 01:30:00+00:00,1060.0,4
193353794,151194,0.0,False,False,False,False,True,WNBA Showdown $4K All Star [Single Entry] (Must Fill) (GSV @ DAL),4000.0,NBA,2026-08-08 01:30:00+00:00,1060.0,4
193353795,151194,0.0,False,False,False,False,True,WNBA Showdown $267 Winner Take All [$1K to 1st] (Must Fill) (GSV @ DAL),1000.0,NBA,2026-08-08 01:30:00+00:00,267.0,4
193353796,151194,0.0,False,False,False,False,True,WNBA Showdown $100 Winner Take All [$460 to 1st] (Must Fill) (GSV @ DAL),460.0,NBA,2026-08-08 01:30:00+00:00,100.0,5
193353797,151194,0.0,False,False,False,False,True,WNBA Showdown $5.7K Courtside Special [Single Entry] (Must Fill) (GSV @ DAL),5700.0,NBA,2026-08-08 01:30:00+00:00,1500.0,4
193353798,151194,0.0,False,False,False,False,True,WNBA Showdown Satellite to NBA Best Ball $20 Shootaround [Must Fill] (GSV @ DAL),20.0,NBA,2026-08-08 01:30:00+00:00,7.4,3
193353799,151194,0.0,False,False,False,False,True,WNBA Showdown Satellite to NBA Best Ball $20 Shootaround [Must Fill] (GSV @ DAL),20.0,NBA,2026-08-08 01:30:00+00:00,7.4,3
193353801,151190,0.0,False,False,False,False,False,Beginner WNBA $2 3-Player,5.4,NBA,2026-08-07 23:30:00+00:00,2.0,3
193353802,151190,0.0,False,False,False,False,False,Beginner WNBA $10 3-Player,27.0,NBA,2026-08-07 23:30:00+00:00,10.0,3
193353803,151190,0.0,False,False,False,False,False,Beginner WNBA $5 3-Player,13.5,NBA,2026-08-07 23:30:00+00:00,5.0,3
193353804,151190,0.0,False,False,False,False,False,Beginner WNBA $1 3-Player,2.7,NBA,2026-08-07 23:30:00+00:00,1.0,3
193353805,151190,0.0,False,False,False,False,False,WNBA $1 10-Player,9.0,NBA,2026-08-07 23:30:00+00:00,1.0,10
193353806,151190,0.0,False,False,False,False,False,WNBA $1 5-Player,4.5,NBA,2026-08-07 23:30:00+00:00,1.0,5
193353807,151190,0.0,False,False,False,False,False,WNBA $1 3-Player,2.7,NBA,2026-08-07 23:30:00+00:00,1.0,3
193353808,151190,0.0,False,False,False,False,False,WNBA $1 3-Player,2.7,NBA,2026-08-07 23:30:00+00:00,1.0,3
193353809,151190,0.0,True,False,False,False,False,Casual WNBA $20 50-50,180.0,NBA,2026-08-07 23:30:00+00:00,20.0,10
193353810,151190,0.0,True,False,False,False,False,Casual WNBA $10 50-50,90.0,NBA,2026-08-07 23:30:00+00:00,10.0,10
193353811,151190,0.0,True,False,False,False,False,Casual WNBA $5 50-50,45.0,NBA,2026-08-07 23:30:00+00:00,5.0,10
193353812,151190,0.0,True,False,False,False,False,Casual WNBA $3 50-50,27.0,NBA,2026-08-07 23:30:00+00:00,3.0,10
193353813,151190,0.0,True,False,False,False,False,Casual WNBA $1 50-50,9.0,NBA,2026-08-07 23:30:00+00:00,1.0,10
193353814,151190,0.0,False,False,False,False,False,Casual WNBA $5 3-Player,13.5,NBA,2026-08-07 23:30:00+00:00,5.0,3
193353815,151190,0.0,False,False,False,False,False,Casual WNBA $2 3-Player,5.4,NBA,2026-08-07 23:30:00+00:00,2.0,3
193353816,151190,0.0,False,False,False,False,False,WNBA $2 3-Player,5.4,NBA,2026-08-07 23:30:00+00:00,2.0,3
193353817,151190,0.0,False,False,False,False,False,WNBA $2 3-Player,5.4,NBA,2026-08-07 23:30:00+00:00,2.0,3
193353818,151190,0.0,False,False,False,False,False,WNBA $2 5-Player,9.0,NBA,2026-08-07 23:30:00+00:00,2.0,5
193353819,151190,0.0,False,False,False,False,False,WNBA $2 10-Player,18.0,NBA,2026-08-07 23:30:00+00:00,2.0,10
193353820,151190,0.0,False,False,False,False,False,WNBA $5 3-Player,13.5,NBA,2026-08-07 23:30:00+00:00,5.0,3
193353821,151190,0.0,False,False,False,False,False,WNBA $5 5-Player,22.5,NBA,2026-08-07 23:30:00+00:00,5.0,5
193353822,151190,0.0,False,False,False,False,False,WNBA $5 10-Player,45.0,NBA,2026-08-07 23:30:00+00:00,5.0,10
193353823,151190,0.0,False,False,False,False,False,WNBA $10 5-Player,45.0,NBA,2026-08-07 23:30:00+00:00,10.0,5
193353824,151190,0.0,False,False,False,False,False,WNBA $10 3-Player,27.0,NBA,2026-08-07 23:30:00+00:00,10.0,3
193353825,151190,0.0,False,False,False,False,False,WNBA $20 3-Player,54.0,NBA,2026-08-07 23:30:00+00:00,20.0,3
193353826,151190,0.0,False,False,False,False,False,WNBA $50 5-Player,225.0,NBA,2026-08-07 23:30:00+00:00,50.0,5
193353827,151190,0.0,False,False,False,False,False,WNBA $50 3-Player,135.0,NBA,2026-08-07 23:30:00+00:00,50.0,3
193353828,151190,0.0,False,False,False,False,False,WNBA $109 3-Player,300.0,NBA,2026-08-07 23:30:00+00:00,109.0,3
193353829,151190,0.0,False,False,False,False,False,WNBA $162 3-Player,450.0,NBA,2026-08-07 23:30:00+00:00,162.0,3
193353830,151190,0.0,False,False,False,False,False,WNBA $530 3-Player,1500.0,NBA,2026-08-07 23:30:00+00:00,530.0,3
193353831,151190,0.0,False,False,False,False,False,"WNBA $1,060 3-Player",3000.0,NBA,2026-08-07 23:30:00+00:00,1060.0,3
193353832,151190,0.0,False,False,False,False,False,"WNBA $5,300 3-Player",15000.0,NBA,2026-08-07 23:30:00+00:00,5300.0,3
193353833,151190,0.0,False,False,False,False,False,"WNBA $10,600 3-Player",30000.0,NBA,2026-08-07 23:30:00+00:00,10600.0,3
193353834,151190,0.0,True,False,False,False,False,Beginner WNBA $20 50-50,72.0,NBA,2026-08-07 23:30:00+00:00,20.0,4
193353835,151190,0.0,True,False,False,False,False,Beginner WNBA $10 50-50,90.0,NBA,2026-08-07 23:30:00+00:00,10.0,10
193353836,151190,0.0,True,False,False,False,False,Beginner WNBA $1 50-50,9.0,NBA,2026-08-07 23:30:00+00:00,1.0,10
193353837,151190,0.0,True,False,False,False,False,Beginner WNBA $3 50-50,27.0,NBA,2026-08-07 23:30:00+00:00,3.0,10
193353838,151190,0.0,True,False,False,False,False,Beginner WNBA $5 50-50,45.0,NBA,2026-08-07 23:30:00+00:00,5.0,10
193353839,151190,0.0,True,False,False,False,False,"WNBA $5,300 50-50",20000.0,NBA,2026-08-07 23:30:00+00:00,5300.0,4
193353840,151190,0.0,True,False,False,False,False,"WNBA $1,060 50-50",4000.0,NBA,2026-08-07 23:30:00+00:00,1060.0,4
193353841,151190,0.0,True,False,False,False,False,WNBA $530 50-50,2000.0,NBA,2026-08-07 23:30:00+00:00,530.0,4
193353842,151190,0.0,True,False,False,False,False,WNBA $109 50-50,400.0,NBA,2026-08-07 23:30:00+00:00,109.0,4
193353843,151190,0.0,True,False,False,False,False,WNBA $50 50-50,180.0,NBA,2026-08-07 23:30:00+00:00,50.0,4
193353844,151190,0.0,True,False,False,False,False,WNBA $20 50-50,72.0,NBA,2026-08-07 23:30:00+00:00,20.0,4
193353845,151190,0.0,True,False,False,False,False,WNBA $10 50-50,36.0,NBA,2026-08-07 23:30:00+00:00,10.0,4
193353846,151190,0.0,True,False,False,False,False,WNBA $50 50-50,450.0,NBA,2026-08-07 23:30:00+00:00,50.0,10
193353847,151190,0.0,True,False,False,False,False,WNBA $1 50-50,9.0,NBA,2026-08-07 23:30:00+00:00,1.0,10
193353848,151190,0.0,True,False,False,False,False,WNBA $5 50-50,45.0,NBA,2026-08-07 23:30:00+00:00,5.0,10
193353849,151190,0.0,True,False,False,False,False,WNBA $109 50-50,600.0,NBA,2026-08-07 23:30:00+00:00,109.0,6
193353850,151190,0.0,True,False,False,False,False,WNBA $2 50-50,18.0,NBA,2026-08-07 23:30:00+00:00,2.0,10
193353851,151190,0.0,True,False,False,False,False,WNBA $20 50-50,180.0,NBA,2026-08-07 23:30:00+00:00,20.0,10
193353852,151190,0.0,True,False,False,False,False,WNBA $10 50-50,90.0,NBA,2026-08-07 23:30:00+00:00,10.0,10
193353853,151190,0.0,True,False,False,False,False,WNBA $5 50-50,90.0,NBA,2026-08-07 23:30:00+00:00,5.0,20
193353854,151190,0.0,True,False,False,False,False,WNBA $10 50-50,180.0,NBA,2026-08-07 23:30:00+00:00,10.0,20
193353855,151190,0.0,True,False,False,False,False,WNBA $20 50-50,360.0,NBA,2026-08-07 23:30:00+00:00,20.0,20
193353857,151190,0.0,True,False,False,False,False,WNBA $2 50-50,36.0,NBA,2026-08-07 23:30:00+00:00,2.0,20
193353859,151190,0.0,True,False,False,False,False,WNBA $1 50-50,18.0,NBA,2026-08-07 23:30:00+00:00,1.0,20
193353860,151190,0.0,False,False,False,False,True,WNBA $4K All Star [Single Entry] (Must Fill),4000.0,NBA,2026-08-07 23:30:00+00:00,1060.0,4
193353862,151190,0.0,False,False,False,False,True,WNBA $4K All Star [Single Entry] (Must Fill),4000.0,NBA,2026-08-07 23:30:00+00:00,1060.0,4
193353864,151190,0.0,False,False,False,False,True,WNBA $267 Winner Take All [$1K to 1st] (Must Fill),1000.0,NBA,2026-08-07 23:30:00+00:00,267.0,4
193353866,151190,0.0,False,False,False,False,True,WNBA $100 Winner Take All [$460 to 1st] (Must Fill),460.0,NBA,2026-08-07 23:30:00+00:00,100.0,5
193353868,151190,0.0,False,False,False,False,True,WNBA $5.7K Courtside Special [Single Entry] (Must Fill),5700.0,NBA,2026-08-07 23:30:00+00:00,1500.0,4
193353870,151190,0.0,False,False,False,False,True,WNBA Satellite to NBA Best Ball $20 Shootaround [Must Fill],20.0,NBA,2026-08-07 23:30:00+00:00,7.4,3
193353871,151190,0.0,False,False,False,False,True,WNBA Satellite to NBA Best Ball $20 Shootaround [Must Fill],20.0,NBA,2026-08-07 23:30:00+00:00,7.4,3
193353879,151190,0.0,True,False,True,False,False,WNBA $3 Double Up,60.0,NBA,2026-08-07 23:30:00+00:00,3.0,23
193353880,151190,0.0,False,False,True,False,False,WNBA $1 Triple Up [Top 9 Win $3],27.0,NBA,2026-08-07 23:30:00+00:00,1.0,31
193353881,151190,0.0,False,False,True,False,False,WNBA $1 Triple Up [Top 9 Win $3],27.0,NBA,2026-08-07 23:30:00+00:00,1.0,31
193353882,151190,0.0,False,False,True,False,False,WNBA $5 Triple Up [Top 9 Win $15],135.0,NBA,2026-08-07 23:30:00+00:00,5.0,31
193353883,151190,0.0,True,False,True,False,False,WNBA $25 Double Up,250.0,NBA,2026-08-07 23:30:00+00:00,25.0,11
193353884,151190,0.0,True,False,True,False,False,WNBA $10 Double Up,100.0,NBA,2026-08-07 23:30:00+00:00,10.0,11
193353885,151190,0.0,True,False,True,False,False,WNBA $10 Double Up,100.0,NBA,2026-08-07 23:30:00+00:00,10.0,11
193353886,151190,0.0,True,False,True,False,False,WNBA $10 Double Up,100.0,NBA,2026-08-07 23:30:00+00:00,10.0,11
193353887,151190,0.0,True,False,True,False,False,WNBA $5 Double Up,150.0,NBA,2026-08-07 23:30:00+00:00,5.0,34
193353888,151190,0.0,True,False,True,False,False,WNBA $5 Double Up,100.0,NBA,2026-08-07 23:30:00+00:00,5.0,23
193353889,151190,0.0,True,False,True,False,False,WNBA $3 Double Up,90.0,NBA,2026-08-07 23:30:00+00:00,3.0,34
193353890,151190,0.0,True,False,True,False,False,WNBA $1 Double Up,30.0,NBA,2026-08-07 23:30:00+00:00,1.0,34
193353891,151190,0.0,True,False,True,False,False,WNBA $1 Double Up,30.0,NBA,2026-08-07 23:30:00+00:00,1.0,34
193353892,151190,0.0,True,False,True,False,False,WNBA $1 Double Up,30.0,NBA,2026-08-07 23:30:00+00:00,1.0,34
193353893,151190,0.0,True,False,True,False,False,WNBA $1 Double Up,20.0,NBA,2026-08-07 23:30:00+00:00,1.0,23
193353894,151190,0.0,True,False,True,False,False,WNBA $1 Double Up,20.0,NBA,2026-08-07 23:30:00+00:00,1.0,23
193353895,151190,0.0,True,False,True,False,False,WNBA $3 Double Up,60.0,NBA,2026-08-07 23:30:00+00:00,3.0,23
193353896,151190,0.0,True,False,True,False,False,WNBA $5 Double Up,100.0,NBA,2026-08-07 23:30:00+00:00,5.0,23
193353897,151190,0.0,True,False,True,False,False,WNBA $10 Double Up,100.0,NBA,2026-08-07 23:30:00+00:00,10.0,11
193353898,151190,0.0,False,False,True,False,False,WNBA $50 Winner Take All [$220 to 1st],220.0,NBA,2026-08-07 23:30:00+00:00,50.0,5
193353902,151190,0.0,False,False,True,False,True,WNBA Satellite to NFL Best Ball $25 Millionaire,25.0,NBA,2026-08-07 23:30:00+00:00,0.25,118
193353903,151190,0.0,False,False,True,False,True,WNBA Satellite to NFL Best Ball $25 Millionaire,25.0,NBA,2026-08-07 23:30:00+00:00,0.25,118
193353904,151190,0.0,False,False,True,False,True,WNBA Satellite to NFL Best Ball $25 Millionaire,25.0,NBA,2026-08-07 23:30:00+00:00,0.25,118
193353905,151190,0.0,False,False,False,False,True,WNBA Satellite to NFL Best Ball $25 Millionaire [Must Fill],25.0,NBA,2026-08-07 23:30:00+00:00,9.0,3
193353906,151190,0.0,False,False,False,False,True,WNBA Satellite to NFL Best Ball $25 Millionaire [Must Fill],25.0,NBA,2026-08-07 23:30:00+00:00,9.0,3
193353907,151190,0.0,False,False,False,False,True,WNBA Satellite to NFL Best Ball $25 Millionaire [Must Fill],25.0,NBA,2026-08-07 23:30:00+00:00,9.0,3
193353908,151190,0.0,False,False,True,False,True,WNBA Satellite to TEN $20 Stars and Stripes Special (8-31),20.0,NBA,2026-08-07 23:30:00+00:00,1.0,23
193353909,151190,0.0,False,False,True,False,True,WNBA Satellite to 9-22 WNBA $5 Frenzy Contest,5.0,NBA,2026-08-07 23:30:00+00:00,0.25,23
193353910,151190,0.0,False,False,True,False,True,WNBA Satellite to 9-22 WNBA $5 Frenzy Contest,5.0,NBA,2026-08-07 23:30:00+00:00,0.25,23
193353911,151190,0.0,False,False,True,False,True,WNBA Satellite to 9-22 WNBA $5 Frenzy Contest,5.0,NBA,2026-08-07 23:30:00+00:00,0.25,23
193353912,151190,0.0,False,False,True,False,True,WNBA Satellite to 9-22 WNBA $5 Frenzy Contest,5.0,NBA,2026-08-07 23:30:00+00:00,0.25,23
193353913,151190,0.0,False,False,True,False,True,WNBA Satellite to 9-22 WNBA $5 Frenzy Contest,5.0,NBA,2026-08-07 23:30:00+00:00,0.25,23
193353914,151190,0.0,False,False,True,False,True,WNBA SUPERSatellite to 9-22 WNBA $5 Frenzy Contest [5x],25.0,NBA,2026-08-07 23:30:00+00:00,1.0,29
193353915,151190,0.0,False,False,True,False,True,WNBA SUPERSatellite to 9-22 WNBA $5 Frenzy Contest [5x],25.0,NBA,2026-08-07 23:30:00+00:00,1.0,29
193353916,151190,0.0,False,False,True,False,True,WNBA SUPERSatellite to 9-22 WNBA $5 Frenzy Contest [5x],25.0,NBA,2026-08-07 23:30:00+00:00,1.0,29
193353917,151190,0.0,False,False,True,False,True,WNBA SUPERSatellite to 9-22 WNBA $5 Frenzy Contest [5x],25.0,NBA,2026-08-07 23:30:00+00:00,1.0,29
193353918,151190,0.0,False,False,True,False,True,WNBA SUPERSatellite to 9-22 WNBA $5 Frenzy Contest [5x],25.0,NBA,2026-08-07 23:30:00+00:00,1.0,29
193353937,151193,0.0,True,False,True,False,False,WNBA Showdown $1 Double Up (ATL @ WAS),20.0,NBA,2026-08-07 23:30:00+00:00,1.0,23
193353938,151193,0.0,True,False,True,False,False,WNBA Showdown $1 Double Up (ATL @ WAS),20.0,NBA,2026-08-07 23:30:00+00:00,1.0,23
193353939,151193,0.0,True,False,True,False,False,WNBA Showdown $1 Double Up (ATL @ WAS),20.0,NBA,2026-08-07 23:30:00+00:00,1.0,23
193353940,151193,0.0,True,False,True,False,False,WNBA Showdown $1 Double Up (ATL @ WAS),20.0,NBA,2026-08-07 23:30:00+00:00,1.0,23
193353941,151193,0.0,True,False,True,False,False,WNBA Showdown $1 Double Up (ATL @ WAS),20.0,NBA,2026-08-07 23:30:00+00:00,1.0,23
193353942,151193,0.0,True,False,True,False,False,WNBA Showdown $1 Double Up (ATL @ WAS),20.0,NBA,2026-08-07 23:30:00+00:00,1.0,23
193353943,151193,0.0,False,False,True,False,True,WNBA Showdown $25 Winner Take All [$110 to 1st] (ATL @ WAS),110.0,NBA,2026-08-07 23:30:00+00:00,25.0,5
193353944,151193,0.0,False,False,False,False,True,WNBA Showdown Satellite to NFL Best Ball $25 Millionaire [Must Fill] (ATL @ WAS),25.0,NBA,2026-08-07 23:30:00+00:00,9.0,3
193353945,151193,0.0,False,False,False,False,True,WNBA Showdown Satellite to NFL Best Ball $25 Millionaire [Must Fill] (ATL @ WAS),25.0,NBA,2026-08-07 23:30:00+00:00,9.0,3
193353946,151193,0.0,False,False,False,False,True,WNBA Showdown Satellite to NFL Best Ball $25 Millionaire [Must Fill] (ATL @ WAS),25.0,NBA,2026-08-07 23:30:00+00:00,9.0,3
193353947,151193,0.0,True,False,True,False,False,WNBA Showdown $10 50-50 [Top 50% Win] (ATL @ WAS),90.0,NBA,2026-08-07 23:30:00+00:00,10.0,10
193353948,151193,0.0,True,False,True,False,False,WNBA Showdown $3 50-50 [Top 50% Win] (ATL @ WAS),27.0,NBA,2026-08-07 23:30:00+00:00,3.0,10
193353949,151193,0.0,True,False,True,False,False,WNBA Showdown $5 50-50 [Top 50% Win] (ATL @ WAS),45.0,NBA,2026-08-07 23:30:00+00:00,5.0,10
193353950,151193,0.0,True,False,True,False,False,WNBA Showdown $1 50-50 [Top 50% Win] (ATL @ WAS),9.0,NBA,2026-08-07 23:30:00+00:00,1.0,10
193353951,151193,0.0,False,False,True,False,True,WNBA Showdown Satellite to 9-22 WNBA $5 Frenzy Contest (ATL @ WAS),5.0,NBA,2026-08-07 23:30:00+00:00,0.25,23
193353952,151193,0.0,False,False,True,False,True,WNBA Showdown Satellite to 9-22 WNBA $5 Frenzy Contest (ATL @ WAS),5.0,NBA,2026-08-07 23:30:00+00:00,0.25,23
193353953,151193,0.0,False,False,True,False,True,WNBA Showdown Satellite to 9-22 WNBA $5 Frenzy Contest (ATL @ WAS),5.0,NBA,2026-08-07 23:30:00+00:00,0.25,23
193353954,151193,0.0,False,False,True,False,True,WNBA Showdown Satellite to 9-22 WNBA $5 Frenzy Contest (ATL @ WAS),5.0,NBA,2026-08-07 23:30:00+00:00,0.25,23
193353955,151193,0.0,False,False,True,False,True,WNBA Showdown Satellite to 9-22 WNBA $5 Frenzy Contest (ATL @ WAS),5.0,NBA,2026-08-07 23:30:00+00:00,0.25,23
193353956,151193,0.0,False,False,True,False,True,WNBA Showdown SUPERSatellite to 9-22 WNBA $5 Frenzy Contest [5x] (ATL @ WAS),25.0,NBA,2026-08-07 23:30:00+00:00,1.0,29
193353957,151194,0.0,True,False,True,False,False,WNBA Showdown $1 Double Up (GSV @ DAL),20.0,NBA,2026-08-08 01:30:00+00:00,1.0,23
193353958,151194,0.0,True,False,True,False,False,WNBA Showdown $1 Double Up (GSV @ DAL),20.0,NBA,2026-08-08 01:30:00+00:00,1.0,23
193353959,151194,0.0,True,False,True,False,False,WNBA Showdown $1 Double Up (GSV @ DAL),20.0,NBA,2026-08-08 01:30:00+00:00,1.0,23
193353960,151194,0.0,True,False,True,False,False,WNBA Showdown $1 Double Up (GSV @ DAL),20.0,NBA,2026-08-08 01:30:00+00:00,1.0,23
193353961,151194,0.0,True,False,True,False,False,WNBA Showdown $1 Double Up (GSV @ DAL),20.0,NBA,2026-08-08 01:30:00+00:00,1.0,23
193353962,151194,0.0,True,False,True,False,False,WNBA Showdown $1 Double Up (GSV @ DAL),20.0,NBA,2026-08-08 01:30:00+00:00,1.0,23
193353963,151194,0.0,False,False,True,False,True,WNBA Showdown $25 Winner Take All [$110 to 1st] (GSV @ DAL),110.0,NBA,2026-08-08 01:30:00+00:00,25.0,5
193353964,151194,0.0,False,False,False,False,True,WNBA Showdown Satellite to NFL Best Ball $25 Millionaire [Must Fill] (GSV @ DAL),25.0,NBA,2026-08-08 01:30:00+00:00,9.0,3
193353965,151194,0.0,False,False,False,False,True,WNBA Showdown Satellite to NFL Best Ball $25 Millionaire [Must Fill] (GSV @ DAL),25.0,NBA,2026-08-08 01:30:00+00:00,9.0,3
193353966,151194,0.0,False,False,False,False,True,WNBA Showdown Satellite to NFL Best Ball $25 Millionaire [Must Fill] (GSV @ DAL),25.0,NBA,2026-08-08 01:30:00+00:00,9.0,3
193353967,151194,0.0,True,False,True,False,False,WNBA Showdown $10 50-50 [Top 50% Win] (GSV @ DAL),90.0,NBA,2026-08-08 01:30:00+00:00,10.0,10
193353968,151194,0.0,True,False,True,False,False,WNBA Showdown $3 50-50 [Top 50% Win] (GSV @ DAL),27.0,NBA,2026-08-08 01:30:00+00:00,3.0,10
193353969,151194,0.0,True,False,True,False,False,WNBA Showdown $5 50-50 [Top 50% Win] (GSV @ DAL),45.0,NBA,2026-08-08 01:30:00+00:00,5.0,10
193353970,151194,0.0,True,False,True,False,False,WNBA Showdown $1 50-50 [Top 50% Win] (GSV @ DAL),9.0,NBA,2026-08-08 01:30:00+00:00,1.0,10
193353971,151194,0.0,False,False,True,False,True,WNBA Showdown Satellite to 9-22 WNBA $5 Frenzy Contest (GSV @ DAL),5.0,NBA,2026-08-08 01:30:00+00:00,0.25,23
193353972,151194,0.0,False,False,True,False,True,WNBA Showdown Satellite to 9-22 WNBA $5 Frenzy Contest (GSV @ DAL),5.0,NBA,2026-08-08 01:30:00+00:00,0.25,23
193353973,151194,0.0,False,False,True,False,True,WNBA Showdown Satellite to 9-22 WNBA $5 Frenzy Contest (GSV @ DAL),5.0,NBA,2026-08-08 01:30:00+00:00,0.25,23
193353974,151194,0.0,False,False,True,False,True,WNBA Showdown Satellite to 9-22 WNBA $5 Frenzy Contest (GSV @ DAL),5.0,NBA,2026-08-08 01:30:00+00:00,0.25,23
193353975,151194,0.0,False,False,True,False,True,WNBA Showdown Satellite to 9-22 WNBA $5 Frenzy Contest (GSV @ DAL),5.0,NBA,2026-08-08 01:30:00+00:00,0.25,23
193353976,151194,0.0,False,False,True,False,True,WNBA Showdown SUPERSatellite to 9-22 WNBA $5 Frenzy Contest [5x] (GSV @ DAL),25.0,NBA,2026-08-08 01:30:00+00:00,1.0,29
193353998,151192,0.0,False,False,True,False,True,WNBA Single Stat $1 Winner Take All [$100 to 1st] (Points),100.0,NBA,2026-08-07 23:30:00+00:00,1.0,118
193354046,151191,0.0,False,False,False,False,False,WNBA Snake $1 6-Player,5.4,NBA,2026-08-07 23:30:00+00:00,1.0,6
193354047,151191,0.0,False,False,False,False,False,WNBA Snake $1 6-Player,5.4,NBA,2026-08-07 23:30:00+00:00,1.0,6
193354048,151191,0.0,False,False,False,False,False,WNBA Snake $5 6-Player,27.0,NBA,2026-08-07 23:30:00+00:00,5.0,6
193354049,151191,0.0,False,False,False,False,False,WNBA Snake $10 6-Player,54.0,NBA,2026-08-07 23:30:00+00:00,10.0,6
193354050,151191,0.0,False,False,False,False,False,WNBA Snake $10 6-Player,54.0,NBA,2026-08-07 23:30:00+00:00,10.0,6
193354051,151191,0.0,False,False,False,False,False,WNBA Snake $20 6-Player,108.0,NBA,2026-08-07 23:30:00+00:00,20.0,6
193354052,151191,0.0,False,False,False,False,False,WNBA Snake $50 6-Player,270.0,NBA,2026-08-07 23:30:00+00:00,50.0,6
193354053,151191,0.0,False,False,False,False,False,WNBA Snake $109 6-Player,600.0,NBA,2026-08-07 23:30:00+00:00,109.0,6
193354054,151191,0.0,False,False,False,False,False,WNBA Snake $530 6-Player,3000.0,NBA,2026-08-07 23:30:00+00:00,530.0,6
193354056,151191,0.0,False,False,False,False,False,WNBA Snake $1 3-Player,2.7,NBA,2026-08-07 23:30:00+00:00,1.0,3
193354057,151191,0.0,False,False,False,False,False,WNBA Snake $1 3-Player,2.7,NBA,2026-08-07 23:30:00+00:00,1.0,3
193354058,151191,0.0,False,False,False,False,False,WNBA Snake $5 3-Player,13.5,NBA,2026-08-07 23:30:00+00:00,5.0,3
193354059,151191,0.0,False,False,False,False,False,WNBA Snake $5 3-Player,13.5,NBA,2026-08-07 23:30:00+00:00,5.0,3
193354060,151191,0.0,False,False,False,False,False,WNBA Snake $10 3-Player,27.0,NBA,2026-08-07 23:30:00+00:00,10.0,3
193354061,151191,0.0,False,False,False,False,False,WNBA Snake $10 3-Player,27.0,NBA,2026-08-07 23:30:00+00:00,10.0,3
193354062,151191,0.0,False,False,False,False,False,WNBA Snake $20 3-Player,54.0,NBA,2026-08-07 23:30:00+00:00,20.0,3
193354063,151191,0.0,False,False,False,False,False,WNBA Snake $50 3-Player,135.0,NBA,2026-08-07 23:30:00+00:00,50.0,3
193354064,151191,0.0,False,False,False,False,False,WNBA Snake $50 3-Player,135.0,NBA,2026-08-07 23:30:00+00:00,50.0,3
193354065,151191,0.0,False,False,False,False,False,WNBA Snake $109 3-Player,300.0,NBA,2026-08-07 23:30:00+00:00,109.0,3
193354066,151191,0.0,False,False,False,False,False,WNBA Snake $530 3-Player,1500.0,NBA,2026-08-07 23:30:00+00:00,530.0,3
193354067,151191,0.0,False,False,False,False,False,"WNBA Snake $2,120 3-Player",6000.0,NBA,2026-08-07 23:30:00+00:00,2120.0,3
193354068,151191,0.0,False,False,False,False,False,"WNBA Snake $1,060 3-Player",3000.0,NBA,2026-08-07 23:30:00+00:00,1060.0,3
193354069,151191,0.0,False,False,False,False,False,"WNBA Snake $5,300 3-Player",15000.0,NBA,2026-08-07 23:30:00+00:00,5300.0,3
193354070,151191,0.0,False,False,False,False,False,"WNBA Snake $10,600 3-Player",30000.0,NBA,2026-08-07 23:30:00+00:00,10600.0,3
193375693,151193,0.0,False,False,False,False,False,WNBA Showdown $1 200-Player (Top 20 Win) (ATL @ WAS),180.0,NBA,2026-08-07 23:30:00+00:00,1.0,200
193377283,151193,0.0,False,False,True,False,False,WNBA Showdown FREE 200-Player (ATL @ WAS),0.0,NBA,2026-08-07 23:30:00+00:00,0.0,200
193377428,151194,0.0,False,False,True,False,False,WNBA Showdown FREE 200-Player (GSV @ DAL),0.0,NBA,2026-08-08 01:30:00+00:00,0.0,200
193377478,151191,0.0,False,False,False,False,False,WNBA Snake $1 3-Player,2.7,NBA,2026-08-07 23:30:00+00:00,1.0,3
193380756,151190,0.0,False,False,True,False,False,WNBA $50 Winner Take All [$220 to 1st],220.0,NBA,2026-08-07 23:30:00+00:00,50.0,5
193380757,151190,0.0,False,False,True,False,False,WNBA $38 Winner Take All [$100 to 1st],100.0,NBA,2026-08-07 23:30:00+00:00,38.0,3
193380758,151190,0.0,False,False,True,False,False,WNBA $38 Winner Take All [$100 to 1st],100.0,NBA,2026-08-07 23:30:00+00:00,38.0,3
