,entry_max_per_user
193154194,1
193154195,1
193154196,1
193154197,1
193154198,1
193154199,1
193154200,35
193154201,7
193154202,18
193154203,107
193154204,21
193154205,1
193154206,20
193154207,8
193154208,17
193154209,150
193154210,20
193154211,20
193154212,20
193154213,20
193154214,7
193154215,7
193154216,1
193154217,1
193154218,1
193154219,1
193154223,1
193154228,1
193154231,1
193154235,1
193154237,1
193154327,1
193154328,1
193154329,1
193154330,1
193154331,1
193154332,1
193154333,1
193154334,1
193154335,1
193154336,1
193154337,1
193154338,1
193154339,1
193154340,1
193154341,1
193154342,1
193154343,1
193154344,1
193154345,1
193154346,1
193154347,1
193154350,3
193154351,3
193154352,3
193154353,1
193154354,1
193154355,1
193154356,1
193154357,1
193154358,1
193154359,1
193154360,1
193154361,1
193154362,1
193154363,1
193154364,1
193154365,1
193154366,1
193154398,1
193154399,1
193154400,1
193154401,1
193154402,1
193154403,1
193154404,1
193154405,1
193154406,1
193154407,1
193154408,1
193154409,1
193154410,1
193154411,1
193154412,1
193154413,1
193154414,1
193154415,1
193154416,1
193154417,1
193154418,1
193154419,1
193154420,1
193154421,1
193154422,1
193154423,1
193154424,1
193154425,1
193154426,1
193154427,1
193154428,1
193154429,1
193154430,1
193154431,1
193154432,1
193154433,1
193154434,1
193154435,1
193154436,1
193154437,1
193154440,1
193154441,1
193154442,1
193154443,1
193154444,1
193154445,1
193154446,1
193154447,1
193154448,1
193154449,1
193154450,1
193154451,1
193154452,1
193154453,1
193154454,1
193154455,1
193154456,1
193154457,1
193154458,1
193154459,1
193154460,1
193154461,1
193154462,1
193154463,1
193154464,1
193154465,1
193154466,1
193154467,1
193154469,1
193154472,1
193154474,1
193154476,1
193154478,1
193154479,1
193154481,1
193154483,1
193154485,1
193154487,1
193154489,1
193154491,1
193154493,1
193154494,1
193154495,1
193154496,1
193154497,1
193154498,1
193154499,1
193154500,1
193154501,1
193154502,1
193154503,1
193154504,1
193154505,1
193154506,1
193154507,1
193154508,1
193154509,1
193154510,1
193154511,1
193154512,1
193154513,1
193154514,1
193154515,1
193154516,1
193154517,1
193154518,1
193154519,1
193154520,1
193154521,1
193154522,1
193154523,1
193154524,1
193154525,1
193154526,1
193154527,1
193154528,1
193154529,1
193154530,1
193154531,1
193154532,1
193154533,1
193154534,1
193154535,1
193154536,1
193154537,1
193154538,1
193154539,1
193154540,1
193154541,1
193154542,1
193154544,1
193154545,1
193154546,1
193154547,1
193154548,1
193154549,1
193154550,1
193154551,1
193154552,1
193154553,1
193154554,1
193154555,1
193154556,1
193154557,1
193154558,1
193154559,1
193154560,1
193154561,1
193154562,1
193154563,1
193154564,1
193154565,1
193154566,1
193154567,1
193154568,1
193154569,1
193154570,1
193154571,1
193154572,1
193154573,1
193154574,1
193154575,1
193154576,1
193154577,1
193154578,1
193154579,1
193154580,1
193154581,1
193154582,1
193154583,1
193154584,1
193154585,1
193154586,1
193154587,1
193154588,1
193154589,1
193154590,1
193154591,1
193154592,1
193154593,1
193154594,1
193154595,1
193154596,1
193154597,1
193154598,1
193154599,1
193154600,1
193154601,1
193154602,1
193154603,1
193154604,1
193154605,1
193154606,1
193154607,1
193154608,1
193154609,1
193154610,1
193154611,1
193154612,1
193154613,1
193154614,1
193154615,1
193154616,1
193154617,1
193154618,1
193154619,1
193154620,1
193154621,1
193154622,1
193154623,1
193154624,1
193154625,1
193154626,1
193154627,1
193154628,1
193154629,1
193154630,1
193154631,1
193154632,1
193154633,1
193154634,1
193154635,1
193154636,1
193154637,1
193154638,1
193154639,1
193154640,1
193154641,1
193154642,1
193154643,1
193154644,1
193154645,1
193154646,1
193154647,1
193154648,1
193154649,1
193154650,1
193154651,1
193154652,1
193154653,1
193154654,1
193154655,1
193154656,1
193154657,1
193154658,1
193154659,1
193154660,1
193154661,1
193154662,1
193154663,1
193154664,1
193154665,1
193154666,1
193154667,1
193154668,1
193154669,1
193154670,1
193154671,1
193154672,1
193154673,1
193154674,1
193154675,1
193154676,1
193154677,1
193154678,1
193154679,1
193154680,1
193154681,1
193154682,1
193154683,1
193154684,1
193154685,1
193154686,1
193154687,1
193154688,1
193154689,1
193154690,1
193154691,1
193154692,1
193154693,1
193154694,1
193154695,1
193154696,1
193154697,1
193154698,1
193154699,1
193154700,1
193154701,1
193154702,1
193154703,1
193154704,1
193154705,1
193154706,1
193154707,1
193154708,1
193154709,1
193154740,1
193154757,1
193154758,1
193154759,1
193154760,1
193154761,1
193154762,1
193154763,1
193154764,1
193154765,1
193154770,1
193154771,1
193154772,1
193154773,1
193154774,1
193154775,1
193154776,1
193154777,1
193154778,1
193154779,1
193154780,1
193154781,1
193154797,1
193159903,1
193162646,1
193163198,1
193165609,1
193167274,1
193167597,1
193167932,1
193168989,1
193170321,1
193170846,1
193171057,1
193172514,1
193172515,1
193172549,1
193174697,1
193174917,1
